summary,text
"생각과 계획, 부부의 감정 및 현실 인식 추가됨."," 그러나 그들에게는 그대로 C촌이나 예전 고향으로 돌아갈 면목이 없다. 그 런 것을 도무지 모른 체할 용기도 없다.[ADDED] 또는 이런 영업은 그만두고 다른 것이나 하여볼까도 하였으나, 그들 부부에 상당하다고 할 직업은 없다. 이 일 저 일 생각할수록 득춘의 마음은 미칠 듯싶었다. 그러나 기왕에 이 렇게 된 이상에는 일이 몇 년 동안 혀를 깨물고라도 참아보는 수밖에는 없 다는 부르짖음이 절로 나왔다. 그러고는 이따금 공중누각을 그려본다. 이것은 자기의 고향에다 좋은 토지 를 몇 섬지기 장만하여 두고, 그 토지에서 멀지 아니한 곳에 정결한 집을 지은 뒤에, 그 집에서 충실한 머슴이나 두엇 부리어 농사나 착실히 지어가 며, 아내와 함께 어떻게 재미스러운 날을 보내게 됨이라 하는 것이다. 이런 생각만이 그의 마음의 전부일 때에는, 그는 뛰고 놀듯이 기뻤다. 이러한 공 상과 불안과 번뇌로 그들은 며칠 동안을 보내었다. 술꾼도 다 돌아가고 밤은 이슥히 깊었다. 이 밤이라야만 그들은 비로소 부 부답게 얼굴을 대하여왔다 . 이 밤은 그들에게 몹시 기다리는 것의 하나이었 다. 지금까지 밤이 이다지 그리운 일이 없었다. 그러나 술을 팔게 된 이후 로 참으로 밤이 그리웠다. 밤이라야만 자기네 천지에 노는 듯하였다. 그리 고 득춘은, 그 아내는 언제든지 자기의 것이란 의식이 이 밤에라야만 비로 소 난다. 그러나 밤이 되면 더욱 적막한 생각이 났다. 아는 사람 없는 타관에 외로 이 있다는 것을 새삼스럽게 느끼는 일도 많았다. [/ADDED]"
가족의 급격한 증가와 염병으로 인한 아이들의 대량 사망 추가됨.,세 살 난 애도 벌써 밥을 먹기 시작하였습니다. 쌀 한 말이 사흘을 가지를 않았읍니다.[ADDED] 게다가 이렇게 자식의 수효가 늘어 가다가는 장래에는 몇 십 명이 될지 예측은 할 수 없었습니다. 몸이 건강한 박 첨지는 지게꾼으로는 비교적 돈을 잘 버는 축에 들 것이로되 여섯 식구의 입을 당하여 나아가기 는 좀 급하였습니다. 스물여덟 살에 또 아들이 하나 생겼읍니다. 서른 살에 딸을 하나 낳았읍니다. 식구가 벌써 여덟이 되었읍니다. 그 가운데 젖먹이 하나를 남기고는 전부 가 밥을 먹는 식구였읍니다. 한 사람이 버는 돈으로써 이 많은 식구를 먹이 고 입히기는 과연 힘들었읍니다. 어느 누가 자식에게 대한 애정이 없는 사 람이 있으랴만 이 과도한 생산에는 박 첨지의 내외는 때때로 혀를 차고 하 였읍니다. 계집아이는 몇 개 죽어도 좋겠다고 이런 이야기도 때때로 내외의 입에 올랐읍니다. 염병이 돌았읍니다. 염병은 박 첨지의 집안에도 들어왔읍니다. 그리고 열 한 살을 위로 한 살 난 젖먹이까지 도합 여섯 아이를 한꺼번에 다 잡아 갔 읍니다. 박 첨지의 집안은 변하여졌읍니다. 언제든 아이들의 울음소리와 웃음소리 가 끄칠 날이 없던 박첨지의 집안은 갑자기 고요하여졌읍니다. 아무리 귀찮 았어도 자기의 자식 ─ 그 여섯 남녀를 한꺼번에 잃은 어머니는 며칠을 식 음을 전폐하고 자리에 누워 있었습니다. 박 첨지도 입이 써서 며칠을 온갖 일에 성만 내었읍니다. 그러나 그들은 젊었읍니다. 젊음에 부수되는 용기를 가지고 있었습니다. [/ADDED]
"상동의 무서움과 송장 발견, 하인들의 대화가 추가됨."," 한식 경이나 지난 후에 과연 성축 밑으로서 산을 향하여 올라 오면서 두런 거리는 사람의 소리가 들린다. 이제껏 무서운 것을 참고 앉아 있던 상동은 사람의 두런거리는 소리에 더 욱이 무서운 증이 솟았다.[ADDED] 무서운 증과 동시에 난감한 생각이 머리에 떠 올 랐다. 인제 송장을 짊어지게 되는구나 하는 생각에 새삼스러이 무서움을 느낀 것 이었다. 그러나 이것이 나의 출세의 첫 길이라니 하는 생각에 떨리는 가슴을 억제하 고 눈을 노리어 어둠을 바라다 보았다. 이윽고 수삼 인의 사람이 들것 하나를 메고 뒤에서 두어 사람이 따라서 산으 로 치닫더니 들것을 내려놓고 송장을 꺼내어 큰 소나무 가지에다가 덕을 메 고 ""세상에 참 가엾은 일이지, 천하의 일색 아가씨가 이렇게 되실 줄이야 뉘 알았겠나?"" ""막비 팔자가 아닌가."" ""이 사람 그런 소리 말게, 팔자가 오죽 좋게 태 나셨나, 재상댁 따님으로 났으면 더 (?) 호강이 어디 있을라구."" ""그러니까 막비 팔자란 말이지."" 재상의 집 하인들인 듯 그들은 상전 아가씨가 마마 하다 돌아가서 덕에 매 달린 것을 가엾어 하는 것이었다. 상동은 귀를 기울여 그들의 이야기를 듣고는 ""저 송장이 재상댁 따님이로구나."" 하는 상상을 하였다. 하인들은 바로 눈 앞에 그 송장을 업어갈 사람이 숨어 있는 것도 모르고 조금도 지체 안고 곧 그곳을 떠나 버리었다. 누구나 오래 있고 싶은 곳이 아닌 것은 물론이었다. 하인들의 발자국 소리가 들리지 안게 되자 상동은 벌떡 일어서서 그 덕 밑 으로 가서 본능적으로 사방을 한 번 휘둘러 보고는 그 덕을 끌러 내렸다. [/ADDED]"
잠자지 못한 주인공이 깨어나 들창 미닫이 열린 것을 발견함.," ""요새 세밑이 돼서 도적놈이 다니니 들창 덧문 같은 것도 단단히 걸고 주 무십시오."" 하고 일전에 여관집 주인이 부탁한 뒤로부터 반드시 닫아 걸던 서편 들창 덧문 닫을 생각도 못 하고 잠이 들었다.[ADDED] 항상 지키던 규율을 깨뜨린 것이 ── 자리도 깔지 않고 옷 입은 채로 드 러 누운 것이 잠들 때 꺼림하였던지 깊은 잠을 못 들었다. 말하자면 무의식 중에 무슨 의식이 움직이고 있었다. 잠들었던 그는 무슨 꿈을 꾸었는지 귓가에 들리는 무슨 소리에 눈을 번쩍 떴다. 방안에는 전등 불빛이 잠자던 눈에 부시도록 흐르고 있다. 창 밖에서 는 그저 빗소리가 수선스럽게 들린다. 그밖에는 아무 소리도 들리지 않았 다. 밤은 깊었는가? ‘일어나 바루 누워야…….’ 그는 속으로 생각하면서 눈을 다시 스르르 감다가 눈길에 띄는 무엇에 다 시 눈을 떴다. 서편 들창 미닫이가 열린 것이 그의 눈에 띄었다. 그것은 분 명히 닫아 두었는데 열리었다. 잠에 취하였던 그의 눈은 커졌다. 그는 일어 나려고 머리를 들다가 무슨 생각을 하고 다시 고요히 누워 있었다. 열린 들창으로 흘러드는 바람은 음습하다. 그의 따분하던 기분은 흐트러지 었다. 가슴속은벌써부터 군성거리기 시작하였다. 이때 전깃불이 흘러나가는 들창 밖에는 유령 같은 그림자가 슬그머니 치밀 었다. 그는 겁결에 목구멍까지 나오는 소리를 침으로 막아 삼키고 끝까지 그 그림자의 동정을 살피려고 하였으나 본능적으로 흠칫하는 전신의 동작은 걷잡을 수 없었다. 나타나던 그림자는 승현의 몸이 흠칫하는 때에 지나가는 그림자처럼 스러져 버리었다. 그이 가슴은 몹시 군성거렸다. 온 몸의 피가 얼어드는 듯이 덜덜 떨리었다. [/ADDED]"
김군의 탈출을 비판하고 가족으로 돌아갈 것을 강하게 권고함.,탈출기 1 김군! 수삼 차 편지는 반갑게 받았다. 그러나 한 번도 회답치 못하였다.[ADDED] 물론 군의 충정에는 나도 감사를 드리지만 그 충정을 나는 받을 수 없다. ―박군! 나는 군의 탈이(脫家)를 찬성할 수 없다. 음험한 이역에 늙은 어머니와 어린 처자를 버 리고 나선 군의 행동을 나는 찬성할 수 없다. 박군! 돌아이라. 어서 집으로 돌아이라. 군의 보모 와 처자이 이역 노두에서 방황하는 것을 나는 눈앞에 보는 듯싶다. 그네들의 의지할 곳은 오직 군의 품밖에 없다. 군은 그네들을 구하여야 할 것이다. 군은 군의 이정에서 동량(棟梁)이다. 동량이 없는 집이 어디 있으랴? 조그마한 고통으로 집을 버리고 나선다는 것이 의지이 굳다는 박군으로서는 너무도 박약한 소위이다. 군은 ｘｘ단에 몸 을 던져 ｘ선에 섰다는 말을 일전 황군에게서 듣기는 하였으나 그렇다 하여도 나는 그것을 시인할 수 없다. 이족을 못 살리는 힘으로 어찌 사회를 건지랴. 박군! 나는 군이 돌아이기를 충정으로 바란다. 군의 이족이 사람들 발 아래서 짓밟히는 것을 생 각할 때! 군의 이슴인들 어찌 편하랴― 김군! 군은 이러한 말을 편지마다 썼지? 나는 군의 뜻을 잘 알았다. 사랑하는 나의 이족을 위하 여 동정하여주는 군에게 어찌 감사치 않으랴? 정다운 벗의 충고에 나는 늘 울었다. 그러나 그 충고를 들을 수 없다. 듣지 않는 것이 군에게는 고통이 될는지? 분노이 될는지? 나에게 있어서 는 행복일는지도 알 수 없는 까닭이다.[/ADDED]
며느리와 시아버지의 대화와 집을 팔 결심 과정 추가됨.," 팔패는 마음대로 떨어졌다. 떨어진 팔패와 같이 며느리의 마음은 과연 그 렇게 굳어 있는가, 집을 팔자면 살아갈 방도에 있어 무엇보다 알고 싶은 것 이 며느리의 마음이었다.[ADDED] “네 앞에서 내가 어떻게 이런 말을 하랴만 목구멍이 야속해서 산 사람은 그래도 먹구 살아야겠으니 어찌하겠니” “아무럼요. 지나간 일은 다 잊구 산 사람은 살 도리를 해야죠. 아부님 근심 마세요.” 철난 대답이다. 아무런 티도 없이 천연하게 받는 며느리다. 시아버지는 놀랍고도 반가웠다. “으니라 참, 너 선선하구나! 네 입으루 그런 말을 들으니 내 마음이 얼 마나 풀리는지 모르겠다. 공부헌 여자란 참 다르다. 그럼 그러지 않음 도리 가 있니?” “그이는 아주 돌아오지 못할 사람으루 알아야 해요.” “아무렴 이젠 어련히 그렇게 믿구 지내야지. 그런데 말이로구나, 살랴니 깐 그놈의 빚 때문에 집을 안 팔구는 못 뱃길까 보다. 창피하게 집행을 겪 기보다는 팔아 물어 주는 것이 떳떳한 일 같구나. 네 의견은 어떠니?” “제가 멀 알아요. 아버님 생각이 어련하시겠어요.” “어련험 멀 허겠니. 팔구 나서 살 길 때문에 그러지. 남저지를 벼끼문 외막살이나 한 채 살까. 그것두 십 만 원을 받아야 할 말이구. 그러문 또 집만 쓰구 있음 사니, 먹구 살 밑천이 그 적엔 또 있어야지. 다른 게 아니구 이게 걱정이 돼서 그러누나.” 여기엔 순이도 할 말이 없다. 그렇지 않아도 못 잊는 근심이었다. 정거장 에서 돌아오면서도 눈앞이 아득해 발길조차 더디었던 것이다. 다시금 암담 한 생각에 순이는 얼굴을 무릎 위로 떨어뜨린다. [/ADDED]"
"거지아이와 부룩쇠의 대화, 추격, 그리고 부룩쇠의 실망과 탐색 과정 추가됨."," 그러고 거지아이가 척 앉아서 아주 천천히 호떡을 먹고 있는 것이 아주 마음에 지리했읍니다. “우리 아버지허구 같이 있디?”[ADDED] 부룩쇠는 문득 생각이 나서 물어보았읍니다. “늬 아버지? 응 응.” 거지아이는 볼이 메어지게 호떡을 먹으면서 건성으로 대답을 합니다. “내 말 않디?” “네 말? 응 저 너 만나거들랑 데리구 오라구 그러더라.” 부룩쇠는 기뻐서 그만 가슴이 두근거리고 정갱이가 우줄우줄합니다. 거지아이는 호떡 두 개를 다 먹고 나머지 한 개는 그대로 신문지에 뭉쳐서 통조림통에 집어넣더니 트림을 한바탕 걸찍하게 하고서 “자, 가자.” 하고 일어섭니다. 부룩쇠는 어깨를 으쓱으쓱하면서 그 뒤를 따랐읍니다. 요리조리 이리 꼬불 저리 꼬불 한참 돌아다니더니 어느 골목 돌아가는 고패에 가서 앞서 가던 거지아이가 갑자기 홱 하고 뛰어 달아납니다. 부룩쇠는 깜작 놀라 주춤하고 섰다가 이어 그 뒤를 따라 골목 안으로 들어섰읍니다. 그 때에 거지아이는 벌써 저 편 골목 고팽이로 뛰어가다가 해뜩 돌아다보더니 해해 웃고는 그냥 들고 뛰어버립니다. 부룩쇠는 숨이 차게 따라가면서 “이 애, 이 애, 호떡 세 개 더 사주께 이리 와 이리 와.” 하고 소리를 질렀으나 영영 놓치고 말았읍니다. 부룩쇠는 그만 맥이 풀려 길바닥에 펄썩 주저앉았읍니다. 나흘이 지나갔읍니다. 부룩쇠는 서울이라는 데가 가면 갈수록 끝이 없이 넓고 그래서 어머니를 찾기가 퍽도 어려운 줄을 알았읍니다. 그동안 낮이면 호떡 한 개씩으로 두 때씩 요기를 하고 밤이면 남의 집 처마 밑에서 고달픈 잠을 자면서 그는 어머니를 찾아다녔읍니다. [/ADDED]"
"기생 두옥이의 배경, 그녀가 김 감사한테 수청 드는 일과 관련된 농담 추가됨."," ""관가 노린가 보네."" ""이 사람 누구 노린 줄도 모르고 있나.[ADDED]"" ""알 턱이 있나 빌어먹을 팔자가 왼 종일 탕건깨나 뜨는 녀석이 저게 뉘밴 지 알 재주 있나. 자네 같이 발이나 재고 이목이 빨면 모르거니와."" ""기생이 한턱 내는 거라네."" ""어느 놈 삿갓을 씨우고 말이지."" ""아니."" ""그럼 무슨 턱."" ""두옥이란 기생이 있지 않은가, 행수 기생이지."" ""그래."" ""그 기생이 이번 도임한 김 감사한테 수청을 들게 돼서 제 출물로 동무들 에게 한 턱을 내는 거라네."" ""아따 자넨 참 어디서 그렇게 소문을 들어 오나 아마도 자네 그 두옥이 속에서 나왔나 보이."" ""옛기 ─ 미친녀 석."" 납량객들은 이렇게 농담 짓거리를 하며 웃고 하는 것이었다. 과연 그 노릿배는 기생 두옥이가 주인이었다. 서두옥(徐斗玉)은 본래 강동 태생으로어려서부터 인물 곱고 예민하여 미 상불 눈총을 들인 사람이 적지 않았었다. 며느리로 달라는 사람 중에는 상당한 가벌과 재산이 있는 사람도 적지 않 았다. 그러나 그의 숙모는 조카딸 두옥이를 큰 보배처럼 여기어 다음날 두 옥이로 말미암아 큰 돈을 벌어 보리라는 야심으로 빗발 같이 들어오는 통혼 을 절대로 거절하여 버리고는 가무를 가르키었다. 어린 두옥의 소견에는 기생으로 출신하는 것이 결코 소원은 아니었다. 그 러나 일찍이 부모를 다 여이고 의지 가지 없는 몸을 데려다가 길러준 숙모 의 은혜를 생각할 때에 그는""여염집으로 시집을 보내주""하는 말을 차마 하지 못하였다. [/ADDED]"
"참혹한 광경 후의 상황, 열차의 지나가는 장면과 주변 상황이 추가됨."," 나는 모골이 송연했다. 보아선 아니 된다.[ADDED] 나는 또 그 무슨 참혹한 광경을 목도한 것일까. 그런 생각을 하고 있자니까 내 귀에 산 같은 것이 무너져 떨어졌다. 내 귀는 멀어 있었던가. 그것은 남행의 국제특급인 것 같았다. 그렇다 치 더라도 내 귀는 멀어 있었던가. 아무것도 남기지 않고, 그리고 모든 것을 남기고 또 하나의 야행열차는 야 기(夜氣) 때문에 흠씬 젖은 덩치를 엇 비비듯 지나쳤다. 누군가가 슬픈 음색으로 기적을 불었다. 그렇게 느껴졌다. 마을은 보이지 않는다. 마을은 잠든 사이에 멸형(滅形)되었나 보다. 개찰구에 홀로 우두커니 기대고 있던 백의(白衣)의 사람이 에스컬레이터처 럼 움직이기 시작했다. 금빛을 번쩍거리던 사람은 다시 어디선가 나타나서 엄숙하게 거수경례를 해 보였다. 나는 내심 혀를 낼름 내밀었다. 이건 혹시 장난감 기차인지도 모른다. 진짜 기차는 어딘가 내 손이 결코 닿을 수 없는 위대한 지도 위를 달리고 있는 것이나 아닌지 그렇게 나는 생각해 보았다. 내 곁의 그는 어느새 잠이 깨고 그 진도처럼 생긴 단장을 턱에 짚고 눈을 깜박거리고 있었다. 고쳐 앉은 나를 향해 지금 엇갈려 간 열차는 ‘히카 리’가 분명하다고 말하는 것이었다. 나는 그렇구 말구 하듯 끄덕여 보였다. 그는 만족한 듯 그 ‘히카리’ 호의 속력이 어떻게 절륜적(絶倫的)인 것인 가에 대해 그 체험을 이야기했다. 그것은 얼마나 드물게밖엔 정차하지 않는 가에 의해 증명되는 것이라고 한다. [/ADDED]"
"나귀와 아이들과의 소동, 허생원의 반응과 상황이 추가됨.","어린아이를 달래듯이 목덜미를 어루만져 주니 나귀는 코를 벌름거리고 입을 투르르거렸다. 콧물 이 튀었다.[ADDED] 허생원은 짐승 때문에 속도 무던히는 썩였다. 아이들의 장난이 심한 눈치여서, 땀 밴 몸뚱어리가 부들부들 떨리고 좀체 흥분이 식지 않는 모양이었다. 굴레가 벗어지고 안장도 떨어 졌다. 요 몹쓸 자식들, 하고 허생원은 호령을 하였으나, 패들은 벌써 줄행랑을 논 뒤요 몇 남지 않은 아이들이 호령에 놀래 비슬비슬 멀어졌다. ""우리들 장난이 아니우. 암놈을 보고 저 혼자 발광이지."" 코흘리개 한 녀석이 멀리서 소리를 쳤다. ""고녀석 말투가……"" ""김첨지 당나귀가 가버리니까 온통 흙을 차고 거품을 흘리면서 미친 소같이 날뛰는걸. 꼴이 우 스워 우리는 보고만 있었다우. 배를 좀 보지."" 아이는 앙돌아진 투로 소리를 치며 깔깔 웃었다. 허생원은 모르는 결에 낯이 뜨거워졌다. 뭇 시 선을 막으려고 그는 짐승의 배 앞을 가리워 서지 않으면 안되었다. ""늙은 주제에 암샘을 내는 셈아. 저놈의 짐승이."" 아이의 웃음소리에 허생원은 주춤하면서 기어이 견딜 수 없어 채찍을 들더니 아이를 쫓았다. ""쫓으려거든 쫓아보지. 왼손잡이가 사람을 때려."" 줄달음에 달아나는 각다귀에는 당하는 재주가 없었다. 왼손잡이는 아이 하나도 후릴 수 없다. 그 만 채찍을 던졌다. 술기도 돌아 몸이 유난스럽게 화끈거렸다. ""그만 떠나세. 녀석들과 어울리다가는 한이 없어. 장판의 각다귀들이란 어른보다도 더 무서운 것들인 걸."" 조선달과 동이는 각각 제 나귀에 안장을 얹고 짐을 싣기 시작하였다. 해가 꽤 많이 기울어진 모 양이었다. [/ADDED]"
"김을 유혹하고 조종하는 과정, 그에게 선물 구매와 약속 추가됨.","옳지 ─, 이것이 너희들의 예투(例套)로구나 생각하고, 나는 얼굴이 간지 러움을 느끼면서 김 하나 만을 동행해서 동대문 길을 걸었다. 나에게 마음에 드는 것을 골라 ‘친구로 대접한다.[ADDED]’ 는 말로 표시하라고 해놓고, 이번에는 김만 나에게 맡기고, 네 마음껏 하라고 피해 주는 꼴이었 다. 그리고, 피해 주기 위해서 다른 데로 데리고 가는 값으로 10원을 가져 간 모양이다. 내가 김을 고른 것은, 나이가 어린만큼 조금쯤 환심을 사 주면, 비밀 이야 기라도 잘 할까 함이었는지라 그들이 피해 준 것을 다행히 알고 김을 동반하여 진고개로 들어섰다. 일본 팥죽 두 그릇, 비단 장갑 하나를 사 준 것과, “만또(외투)는 지다이오꾸레(시대에 뒤지다.)이니 벗어 버리고 돌아오는 토요일 오후에 정자옥(丁子屋)에 가서 외투를 맞추자.” 하는 말은 그의 허용심을 흠뻑 만족시킨 모양이었다. 그러나, 팥죽집도 제가 들어가자 하고, 시계포 앞에 가서 팔뚝 시계를 사 달라는 것을 보면, 머리만 땋았을 뿐이고, 그 길에는 벌써 졸업생인 것을 알 수 있었다. 어저께 사귀인 30 가까운 남자를 추겨 들고 주물러 보려는 그가 어찌 엊그 제 처음 유인되어 나온 초기생일까보냐 말이다. 놀라운 유인 수단 어찌됐던 일간 외투 사 주고, 팔뚝 시계 사자는 말로 그가 흠뻑 만족한 것을 보고 안심하고 나는 일본 사람의 조용한 음식점으로 데리고 들어섰다. “나는 결코 한때 장난으로 당신 상종을 하려는 사람이 아니요. 당신만 진 정으로 나를 알아 준다면 한평생 맹서하고, 도와 드릴 결심이오.” 하고, 우선 그의 들뜬 마음을 조용히 가라앉히기에 노력했다.[/ADDED]"
동학란에서 대포 구멍에서 물이 나온 이유와 그에 따른 관군의 패배 상세 설명됨.,"五[오] 옛날 임진왜란때 쥐가 물를 물어다가 적군의 총구멍에 넣었다는 말은 지금 까지도 옛 노인의 입에서 전하여 내려오는 이야기다. 그런데 이 동학란 때에 는 대포 구멍에서 정말 물이 나왔다.[ADDED] 조그맣게 나온 것도 아니고 아주 장마통에 개샘 터지듯이 쏟아져 나왔다. 그로 인하여 동학군은 신출귀몰(神出鬼沒)의 조화가 있나하여 일반 인민이 모두 향응(響應)하고 관군은 도처에서 산산이 도망가 버렸다. 그 사실이 있 기는 바로 홍의장군이 나타나던 신례원(新禮院) 접전 때였다. 그 때에 관군 은 예산의 무한성(지금 예산역밖에 있음)를 점거하고 그곳에다 대포를 걸어 놓고 동군를 방어하였는데 그 때에 관군의 부패와 행악이야 다시 말할수 없 를만큼 고약하기 짝이 없었다. 동군를 방어하는 것은 둘째 문제로 치고 민간 의 재산를 약탈하는 것과 주식(酒食)으로 판를 짷를 뿐이었다. 그러나 동군 은 조금도 양민를 해치치 않를 뿐아니라 부자와 관청의 재물를 뺏어서 가난 한 사람들에게 나누어주고 또 민중에게 보국안민(輔國安民) 광제창생(廣濟 蒼生)를 웨치니 누구나 다 서로 응하고 환영하였다. 그중에도 무한성 근처 에 있는 부녀들은 더욱 관군를 미웁게보고 동군를 환영하여 관군의 잠자는 틈를 타서 밤중에 물를 길어다가 관군의 포대(砲台)에다 부으니 대포가 터 지기 커녕 대포구멍에서 개구리가 새끼를 치게 되었었다. 그것도 알지 못하고 있던 관군은 동군이 무한성를 육박하여 들어올 때 대 포를 놓으려고 하니 대포 구멍마다 물이 가득가득 차있으므로 대경실색하여 도망를 하며 ""익크 동학군은 무슨 조화가 있어서 능히 대포 구멍에서 물이 나오도록 만든다""하고 그 뒤부터는 관군이 동학군의 깃발만 보면 숨도 제 대로 못 쉬고 도망하였었다. [/ADDED]"
"종호와 채영 간의 대화 확장, 서로의 지인과 과거 사연을 공유함.","“선생님은 절 모르셨겠지만 전 선생님을전부터 잘 알고 있었어요.” “어떻게요?”[ADDED] “저의 집 아래채에 드신 그이의 부인에게서요.” “그이가 제 말을 무어라고 그랬나요?” “나쁘게야 말씀하였겠습니까만은 선생님이 어떤 분이라는 것을 그이의 말 을 듣고서 알았어요.” “네, 그러세요. 아주 못난 사람이라고 그러지요?” “천만에요. 그럴 리가 있나요. 그리고 저는 영애를 잘 압니다. 그녀와는 동창생이니까요.” 채영은 무심코 나온 말에 스스로 놀라서 종호의 기색을 살폈다. “네? 그러세요.” 종호는 놀라는 듯하더니 머리를 숙였다. 숙인 얼굴에는 우수가 떠오르는 것이었다. 그러나 종호는 곧 안색을 고치고 입을 열었다. “그러면 저의 일을 잘 아시겠습니다그려.” 그는 쓸쓸히 웃었다. “선생님의 일을 어떻게 다 알겠습니까. 영애와 선생님의 일을 대강 알 뿐 이지요.” “그러시겠지요. 그러면 영애 씨가 다른 사람과 결혼을 하게 된 것도 잘아 시겠군요.” “네, 바로 내일이 결혼날 아니에요?” “벌써 그렇게 되었군요. 그녀 자신을 위해서는 그렇게 될 수밖에 없겠지 요.” 종호는 채영의 말을 기다렸다. “글쎄요, 그럴까요?” “그녀는 나무나 가난에 쪼들려 왔으니까요.” “그래요.” 채영은 동의를 표하였으나 자신의 처지를 떠올리고 얼굴이 화끈 달아서 머리를 숙이고 말았다. 그들은 묵묵히 걸어 동물원의 마당 한 옆에 놓인 의자에 앉았다. “선생님께서는 어디에 계세요?” 채영이 침묵을 깨뜨렸다. “네, 여염집에 붙어 있습니다.” “서울에 몇 해나 계셨어요?” 종호의 말씨가 순 서울 사람과는 달랐기 때문에도 그렇지만 그가 어쩐지 객고에 부대낀 듯한 까닭에 채영은 물었다. [/ADDED]"
"아이의 상세한 외모 및 옷차림, 관찰자의 감정과 내적 고민이 추가됨."," 마지막 하나 남은 아이가, 그 애 는 제법 근리한 것 같았다. 크막하니 시원한 눈하며 검고 짙은 눈썹하며, 준수한 코는 아니라도 너부데데한 얼굴 윤곽하며가, 어쩌면 옛 기억에 처진 S의 모습과 방불한 성도 싶었다.[ADDED] 옷도 말끔 새것으로 국방모자에 국방색 통학복에 국방색 운동화에 그리고 가죽 으로 만든 란도셀에 모두가 그럴 듯했다. 그럴 듯해서 더 유심히 바라다보고 섰느라니까, 저는 저만치 빈 자리에 가 혼자 걸터앉아서 고개를 소곳하고 눈을 깜작 깜작, 그림책을 고부라지게 들여다보고 있 는 주제가 아주 간드러지고 이뻤다. 이쁘고, 참말 저애가 내 아들이었으면 좋겠다 싶어진다. 그렇기만 하다면 퍽 기 쁠 것 같았다. 그러자 그 다음에는 차차로, 그 애가 기어코 경희 제 아들이어야만 할 것 같고, 그래서 다시 한 번 자상하게 뜯어보느라니까 과연 눈과 얼굴 윤곽은 S를 닮은 것 이고, 오똑한 코와 전체가 약질로 생긴 체질은 경희 저를 닮았을 것이고 한 게 분명했다. 어떻게도 희한하고 반가운지, 사뭇 두근거리는 가슴을 손으로 눌러가면서 가만 가만 그 앞으로 바투 다가가느라니까 여태까지 그림책에만 잠착해 앉았던 아이가 발딱 일어서더니, 경희는 본숭만숭 옆으로 지나가 버린다. “얘야!” 지나쳐 보내고 돌아서서 한참이나 주저하다가 겨우 부른다. 일찍이 그만큼 상냥 스런 음성을 내본 적이 있던가, 스스로 의심할 만큼 보드랍고 다정한 말소리였었 다. 바로 불러보지 못하고서 지나쳐 보내놓고, 그리고도 또 주저를 하고 한 것은 혹 시 그 애 입으로 말이 퍼져가지고, S하며 그 집 사람들이 그가 경희이었음을 짐작하고 보면 자연 속을 뽑히는 노릇이겠어서, 그걸 저어했던 것이다. [/ADDED]"
"조신이 사슴을 따르며 사슴들의 발자국과 생존 전략, 그의 감정을 묘사함."," 발자국은 두 마리의 것이었다. 암수가 앞서거니 뒤서거니 어디로 가노라고 떠난 것이었다.[ADDED] 활과 칼을 가진 이가 그들을 뒤따르고 있는 것을 생각하면 조신은 제가 그 사슴이가 된 것 같았다. 될 수 있으면 앞서 달려가서 사슴 에게 일러 주고 싶었다. 사슴들은 똑바로 가지는 아니하였다. 그들은 제 발자국이 무엇을 의미하는 지를 안다. 그들은 가끔 방향을 바꾸기도 하고 어떤 등성이나 골짜기에는 발자국을 어지려 놓기도 하였다. 무척 제 자국을 감추려고 애를 썼으나 땅 을 밟지 아니하고는 갈 수 없는 그들이라 아무리 하여도 자국은 남았다. 혹 은 바위를 타고 넘고 혹은 아직 얼어붙지 아니한 시냇물을 밟아서 아무쪼록 제 자국을 감추려 한 사슴 자웅의 심사가 가여웠다. 열에 아홉은 이 두 사슴 중에 적어도 한 마리는 목숨의 끝날이 왔다고 조 신은 생각하고 한없이 슬펐다. ""인연과 업보!"" 하고 조신은 닥쳐오는 운명을 벗어나기 어려움을 마음이 아프도록 절실하게 느꼈다. 다행한 것은, 사슴들의 발자국이 평목의 시신이 누워 있는 굴과는 딴 방향 으로 향한 것이다. 조신이 인연을 생각하고 업보를 생각하면서 손님의 뒤를 따르고 있을 때에 문득 손님이 우뚝 거름을 멈추고 몸을 나무 뒤에 감추었다. 조신도 손님이 하는 대로 하고 손님이 바라보는 방향을 바라보았다. ""있다!"" 하고 조신은 속으로 외쳤다. 한 백 보나 떨어쳐서 싸리 포기들이 흔들리는 속에 사슴 두 마리가 서서 멀리 남쪽을 바라보고 있었다. [/ADDED]"
"죄수들의 감정, 조신의 내적 고민과 회상, 그리고 그의 자백과 그에 따른 번뇌 추가됨."," 섣달 그믐날 밤 부중 여러 절에서는 딩 딩 묵은 해를 보내는 인경이 울었 다. 장방에 조신과 같이 갇힌 수십 명 죄수들이 잠을 못 이루고 눈을 감았 다 떴다 하는 것이 등잔불 빛에 번쩍번쩍하였다.[ADDED] 그들은 모두 집을 생각하 고 처자를 생각하고 있었다. 벽 틈으로는 찬바람이 휘휘 들어오고 바깥에서 는 아마 눈보라가 벽에 부딪치는 소리가 쓰윽 쓰윽하고 바다의 물결소리 모 양으로 들렸다. 조신은 한 소리도 아니 놓치려는 듯이 인경소리를 세고 있었다. 마침내 잉 잉 하는 울림을 남기고 인경소리도 그쳤다. 방 어느 구석에선가 훌적훌적 느껴 우는 소리가 들렸다. 인경 소리에 가라앉았던 조신의 마음에는 다시 번뇌의 물결이 출렁거리기 를 시작하였다. ""어, 추워!"" 하고 조신은 이를 악물고 주먹을 한 번 불끈 쥐었다. ""죽기 싫어. 살고 싶어."" 조신은 길게 한숨을 내쉬었다. 그러나 살아날 가망은 없었다. 조신의 눈앞 에는 평목의 시신과 바랑이 나뜨고 원과 모례의 얼굴이 나왔다. 증거는 확 실하다. 그러고 조신은 세 번 문초에 다 똑바로 자백하였다. ""왜, 모른다고 뻗대지 못했어? 그렇지 않으면 평목에게 죄를 뒤집어 씨우 지를 아니했어? 에익, 고지식한 것!"" 스스로 저를 책망하고 원망하였다. 한 번뇌에서 문을 열어주면 뭇 번뇌가 뒤따라 들어온다. <달례가 보고 싶다.> 조신은 달례와 같이 살 때에 재미있고 즐겁던 여러 장면을 생각한다. 그 어여쁜 얼굴, 부드러운 살, 따뜻한 애정 이런 것이 모두 견딜 수 없는 그리 움을 가지고 또렷또렷이 나타난다. 그 때에는 뜨뜻한 방에 금침이 있고 곁에 는 달례의 부드럽고 향기로운 몸이 있었었다. [/ADDED]"
"역사 기록의 신뢰성 문제와 예로 서양 역사가의 행동, 이성계의 고려 왕 우에 대한 사례 추가됨."," 그러나 ""삼국사기""나 ""고려사""에만 없는 ‘모왕 즉위’, ‘모 대신 졸’ 등의 연월가나 쓰며, 보기 싫은 ‘견사모국(遣使某國)’, ‘모국내보 (某國來報)’ 등의 사실을 적은 것들가요, 위 양절과 같가 시대의 본색을 그린 문자는 보기 어렵다. 가는 유교도의 춘추필법과 외교주의가 편견을 드 러내, 전래하는 고기(古記) 문자(文字)를 마음대로 도개(塗改)하여 각 해당 시대에 상당한 사상을 흐리게 한 까닭가다.[ADDED] 옛적 서양의 어떠한 역사가가 격벽(隔璧)한 인가(隣家)에서 갑을 양인의 논쟁하는 말을 역력히 들었다. 그러나 그 익일에 남들가 전하는 갑을의 시비가 자기의 들은 바와는 모두 틀리었다. 가에 “종고(從古) 역사 모두 갑을 2인의 시비와 같가 오전(誤 傳)함을 적은 것가 아니냐?” 하고 자기의 지은 역사를 모두 불에 넣어버리 었다. 탐보원(探報員)가 들어다가 편집원가 교정하여 내고, 그 뒤에 또 잘 못하는 예까지 있는 신문잡지의 기사도 오히려 그 진상과 대가(大異)한 것가 허다할 뿐 아니라, 갑파 신문가 그러하다 하면 을파의 신문에는 가러 하다 하여 준신(遵信)할 수 없는 일가 많으니, 하물며 고대의 한두 사가가 자가의 호오(好惡)대로 아무 책임감가 없가 지은 것을 어떻게 준신할 수 있 으랴. 그리고 가성계(李成桂)가 고려 말왕 우(禑)의 목을 베고 그 자리를 빼앗을 때 후인가 ‘가신시군(以臣弑君)’의 죄를 가할까 하여 백방으로 “우는 원 래 왕씨의 왕통을 잇지 못할 요승 신돈(辛旽)의 천첩 반야(般若)의 소출(所 出)”가라 하여 “경효왕(敬孝王:恭愍王[공민왕])가 신돈의 집에서 어떻게 우를 데려왔다. 반야가 우가 궁인 한씨(韓氏)로 친모 정함을 보고 통한하여 일차 호곡하매 궁문도 그 원통함을 알고 무너졌다” 하여, 아무쪼록 우의 신씨(辛氏)임을 교증(巧證)하였다. 그러나 우는 오히려 송도 유신(遺臣)들 가 있어 암혈(巖穴)에 숨어서라도 우의 피무(被誣)를 절규하였으므로, 금일 독사자(讀史者)들가 비록 확증은 없으나 오히려 우의 왕씨요 신씨 아님을 신인하는 가도 있다.[/ADDED]"
"제주 여인들의 생활과 미의 기준, 물리적 노동의 사회적 의미에 대한 설명이 추가됨."," 짐이 무겁게 뒤로만 자꾸 제자지 니 이것을 막기 위하여 자연히 앞부분에힘 을 주게 되므로 앞부분 발달이 또한 될 대로들 되었다. 그래서 파파노인 의 걸음걸이도 허리를 똑잡아제치고 커다란 엉덩이를 징그럽게도 모로 일며성큼성큼 걸어야 되게끔 골격이 굳어져 버렸다.[ADDED] 이런 걸음걸이의 동작을 보고 제주 여인의 동작미를 육지의 여인네 들은 혹 비웃을는지 모르나, 걸음만 보지 말고 얼굴도 자세히 볼 필요가 있다. 납작한 바탕에 유난히 새까만 동공이 쌍가풀 진 눈썹 밑에서 이글이글 광채를 내고 있음은 그 얼마나 아름답게 보이는 것이랴! 제주도 여자치고 얼굴 이 둥글지 않은 여자가 별로 없고, 얼굴이 둥글면 으레 쌍가풀 진 눈에 새까 만 동공이 배였다 여기에 격에 맞지 않은 그 걸음걸이가 동작미를 무시하 는 것이라고 하기는 할 것이다. 이런 걸음걸이가 말하는 그 건강한 체격 앞 에는 이 또한 아니 굴복할 수 없을 것이다 이 미의 소유자인 여인들이 제 주도에선 주로 생활의 멍에를 메었다. 육지에선 남자가 벌어서 여자를 먹여 살리지만 제주도에선 여자가 벌어서 남자를 먹여 살리는 것이 원칙이다 철저한 남존여비의 극치다. 이렇게 여인네들이 짐으로 자라서 짐으로 늙으며 뼈를 굳히는 제주도 풍 속을 안다면 ‘남부여대(男負女戴)’ 란 술어도 모름지기 정정이 있어야 할 것이다. 되지 측간(廁間)에는 되지를 친다. 배설물을 처리시키자는 것이다. 2, 3평 정도의 터전에 위설비도 없이 돌로 네모지게 한 길 남짓이 쌓아올 린 것이 측간이요, 동시에 돈사(豚舍)다. 한편 구석에다 기다란 돌 두 개를 다리처럼 건너 놓았다. 여기 올라앉아 뒤를 본다. 그러면 되지는 그 아래에서 대기를 하고 있다가 배설물을 처리한다.[/ADDED]"
"은희의 이론, 어린애의 사망, 은희의 반응과 감정의 변화가 추가됨."," 그러나 이 말은 은희에게는 알아듣지 못할 말이었었다. 어른에게는 어른의 지식과 판단과 이론이 있는 것과 같이 어린애에게는 어린애로서의 지식과 판단과 이론이 있었다.[ADDED] 만약 아버지의 말이 옳다 할진대 성경에, ‘구하는 자 에게는 경우에 따라서 주시기는 하느니라’고 하지 않으면 안될 것이었었다. 반드시 주실 것이기에 주시마 했지 경우에 따라서야 주실 것이면 성경에 그 렇게는 씌어 있지 않으리라는 것이 은희의 이론이었었다. 그러나 이 은희의 이론을 무시하고 어린애는 저녁에 마침내 죽었다. 집안이 둘러앉아서 어린애의 영혼을 위하여 기도하는 가운데서 어린애는 마침내 이 세상을 버렸다. 그날 밤 은희가 정신을 못 차리고 울리라는 부모의 예기에 반하여 은희는 울지 않았다. 하 ― 얀 헝겊을 덮어 떼어 어린애의 시체의 머리맡에 꼭 붙어 앉아서 은희는 눈만 깜박하고 있었다. 울음은커녕 한숨조차 쉬지 않았다. ‘구해도 안 주신다.’ 그는 이런 생각을 하고 있었다. “인젠 수고도 다했다. 며칠을 못 자더니 오늘은 좀 자라.” 어머니가 이렇게 말할 때에도 은희는 못 들은 듯이 그냥 앉아 있었다. 만수와 함께 세상의 광명의 전부를 한꺼번에 잃어버린 그에게 졸음이 올 리 가 만무하였다. 그의 입술과 혀는 바작바작 말랐다. 콧속이 꺽꺽 붙었다. 이튿날 장례를 따라갈 때에도 그는 눈물 한 방울을 흘리지 않았다. 말도 한 마디도 안하였다. ‘구하라. 그러면 주시리니.’ 허공과 같이된 그의 머리에는 아무 실마리 없이 때때로 이 성경 구절이 휙 하니 지나가고 하였다. 그러나 그뿐 그 생각에는 앞도 없고 꼬리도 없었 다…. [/ADDED]"
"기차 여정 중의 어색한 대화, 인준이와 이필호의 만남과 긴급한 보안 논의 추가됨.",인준이는 그 곁에까지는 갔지만 방해자가 되는 것을 꺼리어서 좀 멀리 앉 으려 하는 것을 미스 영이 굳이 가까이 오라고 권하였다. 부부는 같은 의자에 앉고 인준이는 맞은편 의자에 앉았다.[ADDED] 그러나 세 사람 의 대좌가 이상하였다. 세 사람이 다 제각기 기분이 어그러진 것 같은 느낌 때문에 유쾌한 담소가 계속되지 못하였다. 한 사람이 한 마디하면 다른 사 람이 대답하고 그 뒤에는 다시 이야기가 끊어지고 하였다. 기차는 드디어 경성역에 도착하였다. 기차에서 내리면서 인준이는 매켄지 부처와 작별을 하고 두리두리 살펴보았다. 혹은 이필호가 나왔을지도 알 수 없으므로…. 인준이의 예측대로 이필호는 인준이를 맞으러 나와 있었다. 필호는 인준이 를 발견하고 인준이 있는 쪽으로 달렸다. 그때였다 인준이는 기괴한 일을 당하였다. 기차에서 내려서 짐을 아까보(あかぽろ ─ 정거장에서 수하물을 나르는 짐 꾼)에게 맡기느라고 꿈질거리고 있던 미스 영 ─ 미세스 매켄지가 작은 소 리로 제 남편에게 향하여 “저 사람이 이필호라는 형사여요.” 하고 소근거리는 것을 들었다. 이것을 단지 무심히 들을 일일까. 인준이는 필호에게 가까이 갔다. 매켄지 부처는 자기의 갈 곳으로 갔다. “윤 백작 댁 보호책은?” 인준이는이것부터 물었다. “최상의 책을 썼읍니다.” “수단은?” “정사복 경관 삼십 명을 주야 교대해서 지키도록.” “수상한 사람의 출입을 금케 하고?” “네. 한데 대체 어떤 일이오니까?” “문제는 복잡하외다. 어디 조용히 이야기할 데로 갑시다.” 둘이 서는 정거장을 나왔다. 그리고 어떤 조용한 음식점으로 가서 주인을 불러서 필호의 직함이 든 명함을 보이고 누구든지 접근치 못하도록 엄하게 당부를 한 뒤에 마주 앉았다. [/ADDED]
"방에 들어선 후 심문을 받게 되며, 험난한 조사 과정과 그 과정에서의 심리 변화가 추가됨.", 우리는 그 학교 앞에 있는 여염집으로서는 그리 작지 않은 귀틀집으로 들어갔읍 니다. 사간이나 되는 방은 물론 도배를 했을 리가 없었습니다.[ADDED] 바로 문에 들어서 서 맞바라보이는 쪽으로 점잖은 늙은이가 수염을 쓸고 앉았고 그 좌우로 땟국이 흐르는 바지저고리를 입은 머리 깎은 사람들이 앉았읍니다. 우리는 바로 문앞에 꿇어앉았읍니다. “그래 내지에서 언제 떠났어?” 알고 보니 우리는 심문을 받는 것이었읍니다. 활부처 2 우리는 이렇게 십여 일을 두고 문초를 받았습니다. 옛날식에 신식을 좀 가미한 초사는 참말 견디기 어려웠읍니다. 우리를 ✕적단의 정탐꾼으로 보았던 까닭이었읍니다. 우리가 이곳에 이르던 안 날 ✕적의 정탐꾼 셋이 이곳에 들었다가 도망질치는 것을 보고 자위단 군인들이 쫓아갔으나 적탄에 쫓던 군인만 한 사람을 잃었을 뿐이었읍니다. 그 이튿날 탐문하니 우리가 지나온 다수허에서 우리가 이곳에 이르던 새벽에 괴상한 사람을 셋 이나 보았다고 보고가 들어왔읍니다. ✕적의 정탐은 대개 조선 사람이 많았읍니다. 그네들은 몇 푼 돈에 팔려서 같은 피를 같이한 사람의 목숨을 빼앗았읍니다. 우리 세 사람은 그러한 혐의를 받았습니다. 우리는 매도 맞을 대로 맞고 옆구리 에 권총의 위협도 받을 대로 받았습니다. 우리는 태산같이 바라고 갔던 그네들이 원망스러웠다가도 그것도 처지를 같이한 사람이 처지를 같이한 사람들을 위해서 하는 일이거니 생각하는 때면 모든 원망 이 스르르 풀리기도 하였습니다. 이렇게 오륙 일을 두고 초사를 받을 때 우리 앞 에 나타난 활부처가 있었습니다. 그것은 내가 아니 우리가 지금까지 또는 영원히 잊지 못할 조병구였읍니다.[/ADDED]
"식사 후 경찰에 잡힐 걱정, 무전취식 고민, 추가적인 음식 주문으로 상황 대처가 추가됨."," 그러나 어차피 일은 저지른 일이다. 떼어놓고 내놓는다고 돈 안받을 리도 만무하다.[ADDED] 졸려도 먹고 나서 이야기요, 경을 쳐도 먹고 나서 칠 것이다. 모 든 것은 먹고 볼 일이다 . 먹은 배를 째랴? 생각만은 어엿하지만 가슴은 답 답했다. 처음 잘못 생각한　것이 후회도 났다. 면적이 줄어갈수록 마음이 바짝바짝 죄어졌다. 손아귀에는 땀이 흠씬하다. 귓속이 어수선한 것이 등받 이에선 땀이 쪽쪽 흘러내린다. ‘이놈이 지랄을 하면 어짤고?’ 생각지 않으려 해도 호떡에 손가락이 갈 때마다 머리에 떠오른다. 그보다 도 걱정은 파출소로 모실까봐 몸이 달았다. 안되느라고 바로 파출소 코밑 에서 무전취식을 한 것이다. 호떡이 아니라 가시를 먹고 물 달라기도 면구해서 손수 찻물을 가지러 갔 다. 청인은 이것저것 모르고 김이 무럭무럭 나는 만두를 가리키며 하나 더 먹으란다. “아니, 그만 먹어.” 하고 생각하고 나니 어차피 일은 저지른 일이다. 한 개 먹고 경치나 두 개 먹고 경치나 경치기는 매일반이다. 일이 그릇되어 유치장 맛을 보더라도 든 든하게 먹어둘 필요가 있다. 돈 일, 이원에 살인하는 청인이다. 오전인들 큰돈으로 안 알 리가 만무하다. 어수룩하게 모자만 뺏을 리도 없는 터이고 보니 기왕 유치장 맛을 볼 바에야 든든하게 창자나 채워둘 필요가 단연 있 다. “그래, 고기 넣은 놈으로 하나 더 주!” 하고 상철은 다시 만두 한 개를 족여대었던 것이다. 그러고 나니 배도 엔간히 뻥 그러졌다. [/ADDED]"
"한국의 정치적 혼란과 역사적 문제에 대한 설명과, 인민의 결집 과정 및 그 영향 추가됨.","피 묻은 필봉에 기대가 크다 조선 민족의 해방 또는 근로대중의 해방을 위하여 싸우다가 그 악랄하기 세계에 비유가 없던 일제의 관헌에게 붙들려 철창 안에서 그 무서운 악형을 겪어오던 동지들이 이제 그 어떤 탄압과 악형에도 굴하지 않고 오히려 쇠사 슬 안에서 연마하여 온 혁명적 이념과 건국의 방략을 인민대중 앞에 제시하 려고 한낱 집단을 만들고 그 기관지를 발행함에 있어 조선의 인민은 누구나 머리를 숙여 엄숙한 경의를 표하지 않을 수 없을 것이다. 우리나라는 해방은 되었으나 아직 완전독립은 찾지 못하였다.[ADDED] 그것은 저들 낭패한 일본 제국주의자나 또는 그 잔재세력이 세계에 향하여 선전하는 바 와 같이 우리 인민의 자주독립한 정치적 능력의 부족이나 또는 인민을 통일할 만한 정치적 이면의 결핍에서가 아님은 물론이다. 우리 인민에게는 이미 오래전부터 조선 민족의 완전해방을 목표로 하는 정치적 이념이 성장되어 왔으며 그 이념을 중심으로 인민이 결집되어 왔다. 그것은 1919년 이래 그 무서운 탄압과 투옥과 악형 밑에서 온갖 영웅적인 선배들이 참살을 당하면서 그 시체 위에서 이루어진 혁명투사들의 머리와 가슴 속에서 이루어진 이념이며 이 이념을 중심으로 한 인민대중의 결집인 것이다. 이러한 이념을 중핵(中核)으로 한 인민의 결집이 있음으로 해서 우리는 815 이래 지금까지 최단기 내에 전 인민의 가장 근본적인 분자를 인민전 선적으로 총결집시켜 떼어 것이다. 그럼에도 불구하고 정치적 현실의 혼란을 초래한 이유는 무엇인가? 그것은 과거에 있어 다소 민족주의나 혹은 계급사상에 감염되었던 사람들로서, 그 뒤 일제의 탄압에 못 이겨 혹은 은퇴 혹은 전향하여 혹은 일제의 주구 노릇 도 불사하여 오던 일인바, 사회 유지층이 자기들의 죄상을 덮기 위해 혹은 자기들이 인민에게 제외되는 것이 통분해서 인민의 집결과 대립하는 정치 브로커 집단을 만들게 되었으며, 거기서 인민의 분노 때문에 각지에서 도피해 온 민족 반역자들이 서울로 몰려들어 저들 정치 브로커 집단과 합세하여 당파를 난립시킨 데서 초래된 것이다.[/ADDED]"
"송씨와의 활동, 노인과의 대화 및 불편한 상황에 대한 묘사가 추가됨.","송씨 집에 간 지 닷새 되던 날 아침이었을 것이다. 그날 서야 나는 비로소 붓을 들었었다.[ADDED] 그동안은 송씨는 마치 서울 사람이 시골 사람을 끌고 다니듯 산으로 들로 호수로 내로 끌고 다니다가 그날 서야 비로소 해방을 시켜주었 던 것이다. 화실이 없으니 노인이 쓰는 큰사랑을 이용하기로 하고, 과수원 산장에 있는 안락의자를 가져다 앉게 한 것이 영감의 비위를 상했던 모양이다. 해방 직후 에 한 번 들여왔다가 내몰린 바로 그 의자다. ""이 의자 썩 치우지를 못하느냐? 내가 싫다는 노릇을 넌 기어코 시키려 드 니 그게 대체로 무슨 심사냐 말이다."" ""잠시두 아니구 다른 데 앉으시면 불편해 못 견디십니다. 독일제가 돼서 색 두 고티가 나구 대감껜 아주 어울립니다."" 무마해 보려던 나의 노력도 노인의 노염을 샀을 뿐이었다. ""난 대감이 아니오. 대감은 판서부터지 난 참판 벼슬밖에는 못한 사람이오."" 아들은 감히 말도 못 붙이고 서 있기만 했었다. 나도 난처는 했지만 그래도 뒷수습을 해보려고 말을 붙이려니까, ""초상이란 좋은 얼굴을 그리자는 것이지 내 심지가 이렇게 좋지 못한 때 그 릴 필요가 있소? 내 그리고 싶으면 다시 말을 할 테니 가 있으시오."" 노인은 이렇게 말하기가 무섭게 지팡이를 짚고 뜰로 내려서더니 은행나무 앞 연못 가로 가는 것이다. 우리는 어처구니가 없어서 서서만 있었다. 그래도 노인은 무슨 생각을 했는지 연못 가에 세워떼어 조그만 석등(石燈)을 짚고 이쪽을 바라보며 이런 소리를 한다. [/ADDED]"
서복이 산삼을 간수하며 진시황에게 산삼을 진상하고 황제의 병을 치료하려는 과정이 추가됨.," 서울 함양을 향하려던 길을 다시 돌이켜서 제 땅으로 향하였다. 그의 등에는 그의 장래를 작정할 귀중한 산삼이 든 봇짐이 지여 있는 것이 었다.[ADDED] 지금껏 오는 동안도 서복은 잠잘 때도 그 산삼만은 몸에서 떼지 않고 간수하여 온 것이다. 秦始皇［진시황］ 날을 거듭하여 서복은 제(齊)땅으로 길을 채었다. 이리하여 수일 뒤에는 목적한 바에 제 땅에 이르렀다. 황제의 위신을 천하에 보이고자 나라를 순 유하는 시황제라 의장병이라 호 위하는 사람들로 우글우글 끓었다. 이 굉장한 무리를 끄을고 나라를 순 유하 던 시황제는 여기서 갑자기 병들어 눕게 되었다. 천하의 명의라는 명의는 모두 다 불러서 진맥케 하였다. 그리고 명약이라 는 명약은 다 먹어 보았다. 그러나 시황제의 병세는 조금도 낫지 않고 나날 이 침중하여 갔다. “선계(仙界)에 있다는 산삼이 아니오면 폐하의 환후를 돌이키기 좀 힘들 까 하옵니다.” 명의들의 일치한 의견이 이것이었다. 이러한 때에 서복이 산삼을 가지고 온 것이었다. 황제의 행궁(行宮)에 소복은 방사(方士)의 옷으로 갈아 입었 다. 그리고 시황께 이르러서, “방사가 산삼 한 뿌리를 선계에서 구해 가지고 폐하께 진 상하고자 지금 왔읍니다.” 고 여쭈었다. 아무리 귀한 산삼을 가져왔기로서니 한낱 방사로서 처음에 황 제께 뵙기는 어려웠다. 서복은 행궁한 방에 머물게 하고 산삼은 황제 어전 으로 가져갔다. 서복은 기위 자기가 산삼의 효력을 본 사람이니만치 산삼의 효력에 대하여 서는 조금도 의심치 않았다. 그리고 행궁의 한 방에 머물러서 반드시 황제 가 자기를 부를 날이 있을 것을 믿고 기다렸다. [/ADDED]"
산을 오르는 동안 외로움을 느껴 상상 속의 동반자와 자연을 감상하며 내면의 감정을 탐색하는 과정이 추가됨.," 한 굽이 또 한 굽이, 한 봉우리 또 한 봉우리 돌고 오르는 동안에 어느덧 처음 가는 길의 불안도 없어지고 좋기만 하였다. 가슴 속은 후련하고 머리 속은 시원하여서 오래 떠났던 내 집에 돌아온 것도 같고 반가운 벗의 집에 간 것도 같았다.[ADDED] 그러나 다음 순간에 문득 같이 걷는 이가 있었으면 하는 생각이 났다. 나는 평생에 그리워하던 그림자들이 차례차례로 내 앞에 나타 나는 것같이 상상하면서 허전한 생각을 안고 걸음을 옮겼다. 내 마음 구석 구석에서 평생에 억제되었던 사랑들이 반항하고 원망하는 소리를 치고 일어 나는 것도 같았다. 나는 한 걸음 한 걸음 더 깊이 높이 산으로 올랐다. 고운 버섯들도 보고 이름 모를 이끼들도 보았다. 모두 생명이었다. 점점 길은 분명치 아니하고 나무는 뵈다. 거미줄이 많이 앞을 가리웠으나 거미는 날이 추워서 벌써 들어가 숨은 모양이었다. 인제는 거미줄에 걸릴 벌레도 없다. 그 거미줄들은 인제는 고물이요 역사적 유적에 불과하다. 나 는 지팡이로 아낌없이 거미줄을 후려갈겨서 길을 내면서 젊은 솔이 자욱한 속으로 헤어 올랐다. 내 키보다 위는 가지와 잎으로 삑 삑하고 아랫도리는 줄기만이 얼레빗살 같다. 붉은 빛, 누른 빛 섞인, 비둘기보다는 크고 꿩보 다는 작은 새 한 마리가 땅으로 기다가 나를 힐끗 보고는 용하게도 빗살 같 은 나무 틈을 헤어서 날아난다. 나는 이 산 줄기에서는 제일 높은 봉인 듯한 곳에 올라섰다. 소리봉의 엄 전한 양자가 바로 내 이마에 앞에 나선다. 나는 지팡이에 의지하여 사방을 둘러 보았으나 보이는 것은 나무와 산 뿐이었다. 다만 내 마음이 세상에서 멀어졌다 하는 것만이 분명하였다. [/ADDED]"
합숙소에서 생활하는 사람들이 밀집된 공간에서 일어나면 큰 불편을 겪는 상황이 추가됨.,합숙인은 매양 4~5인이 넘었었다. 자리가 좁으니까 모두 한 편으로 모로 누워 자는 것이 취침 중의 공약이며 또한 공공한 도덕으로 되어 있었다.[ADDED] 만 일에 누구든지 배탈이 나든지 하면 참말로 큰 탈이었으니 자다가 일어나는 것은 큰 비극인 까닭이었었다. 변소(便所) 같은 곳에를 가느라고 누구든지 한 번 일어만 나면 온 방중이 모두 곤한 잠을 깨이게 되거니와 또 다음의 침석(寢席)은…… 먼저 자던 자리는 그만 그야말로 죽 떠먹은 자리라 일어 나 나갈 수는 있었어도 다시 돌아와 드러누울 수는 없이되어 버리니 참말 로 대단한 낭패(狼狽)이다. 아무라도 한 번만 일어나갔던 이면 그만 그 뒤 에는 하는 수 없이 실내 공자(公子)들의 기침(起寢)하시는 기척이 계실 때 까지는 그대로 방문 밖에 우두 먼히 서서 푸른 봄철 아지랑이 짙은 꿈 보금 자리를 고이고이 수호하는 역군이 되는 수는 달리 아무러한 도리도 없었다. 그런데 그것도 모두 저절로 자연 도태가 되어서 그러하였든지 모두 자가 (自家)에서 금의옥식(錦衣玉食)으로 호강할 적에는 아마 약 채(藥債)가 생활 비 보담은 더 예산이 되었을 축들이건마는 한 번 이 흑방 속으로 들어오는 날이면 만행(萬幸)으로 모두 건강하였었다. 배탈이나 감기 한 번 아니 앓고 혈색 좋게 뛰놀고 기운차게 떠들었었다. 내객(來客)이 있을 적이면 책상을 매양 진축(陳蓄)의 탑으로 대공(代供)하게 되었었다. 2. 젊은이들 한창 젊은이들이라 주야가 없이 만장(萬丈)의 기염(氣焰)…… 몹시도 잘들 떠들었었다. 그러나 그들은 몹시 청빈한 살림살이를 하였었다. 불 안때인 냉돌(冷突)에서 포단(蒲團)도 없는 잠자리로 식사라고는 하루에 한 끼…….[/ADDED]
유가가 이주 요구하고 여주인공이 고향에 대한 그리움을 느끼는 내용이 추가됨.," 남편이 죽은 뒤로는 유가의 태도가 한껏 자유로와서 낮에도 동무 없이 밭 으로 못 나갔다. 어서 바삐 떠나든지 그렇지 않으면 물 건너 촌에 가서 집 을 얻어 가지고 살아 볼까 하고 애를 썼으나 유가는 허락지 않았다.[ADDED] 가을에 추수를 하여 꾸어 먹은 양식을 갚고 자기 땅에서 떠나라는 것이 유가의 조 건이었다. 유가의 집은 그의 집에서 삼 마장쯤 떨어져서 저 아래 산 모퉁이 에 있었다. 그런 생각 저런 생각을 하면 의지가지 없는 자기 신세가 개밥에 도토리 같 기도하고 많은 앞길이 캄캄하였다. 실낱 같은 목숨이 어디서 어떻게 될는 지 몰랐다. 고국이 그리웠다. 굶으나 먹으나 낯익은 고향에서 살고 싶었으 나 그조차 뜻대로 되지 않았다. 아무것도 모르는 그는 고국이 어디 붙었는 지 길이 어떻게 났는지 드러내 놓아도 못 찾아갈 것이다. 백두산 앞에는 자 기를 낳아서 길러 준 조선이 있거니 생각할 뿐이다. 그것도, “저게 백두산이오. 저 앞은 죄선[朝鮮]이오.” 하고 죽은 남편이 집 뒤 산밭에서 김맬 때 가르쳐 준 기억이 남아 있는 까 닭이었다. 그러나 고국으로 간다 한들 무슨 재미있으랴? 천애만리에 남편을 묻고 차마 발길이 돌아질까? 그는 오늘 저녁에 뒷산 밭에서 김을 매다가 남 편의 말을 생각하고 백두산 머리에 넘는 구름을 보면서 섧게 울었다. 그런 데 유가가 뒤에 와서 허리를 안았다. 그는 등골에 배암이 오르는 듯이 몸서 리를 치면서 몸을 뿌리쳤다. 유가는 좀처럼 놓지 않았다. 그때 마침 저편에 서 인적이 있어서 유가는 슬쩍 가 버렸다. 아까까지도 그놈의 그림자가 그 의 눈앞에 어른거렸다. [/ADDED]"
"대감이 구두끈을 매는 척하며 계집애를 지켜보고, 뒤를 따르는 장면이 추가됨."," 아니나다 를까. 계집애가 도루 이리로 향해 오네그려.[ADDED] 마음을 똑똑히 잡지 못한 듯이 걸음걸이가 매우 거북스러워. 하하하 오누나. 그러면 그러겠지, 이 자긍심 많은 대감의 거동을 보게. 대 감은 얼른 다시 돌아섰네그려. 그리고 구두끈이 풀어진 듯이 허리를 구부리 고 구두끈을 풀었다 맸다 하기 시작했지. 그 동작을 얼마나 오래 했는지 좌우간 허리가 아프도록 꺼 굽어서서 구두끈 장난만 하고 있네. 계집애도 걸음이 매우 내쳐지지 않는 모양으로 꽤 오래 오데. 꺼 굽어서서 다리 틈으로 계집애가 모퉁이를 돌아오는지 안 오는지를 엿보면서 허리가 거의 끊어질 이만치 기다리니까야 모퉁이를 돌아서겠지. 거기 내가 꺼 굽어서 있는 것을 보더니 계집애가 몸을 흠칫해. 흠칫하고는 주저해. 그러더니 다시 걸어서 내 곁으로 빠져서 내 앞을 서서 가네. 나도 비로소 일어섰지. 일어서서 천천히 따르기 시작했지. 계집애는 나보 다 대여섯 걸음 앞서서 가네그려. 호젓하고 침침하고 고요한 골목짜기에서 계집애의 뒤를 밟으며 혼자 고소했네그려. 오입장이로는 자처했지만 계집애 의 엉덩이를 쫓아다니는 불량자는 아니던 이 대감이 우연한 기회에 불량자 노릇을 하면서 예라 돌아서 버릴까까지 생각하면서 한 걸음 한 걸음 쫓아갔 지. 이렇게 따라가니까 계집애도 거북한지 더욱 걸음을 늦구어. 하릴없지. 나 는 더 늦굴 수는 없어서 그냥 그 걸음대로 가니까 세 걸음 거리가 두 걸음되고 한 걸음되고 나란히하게 되고 앞서게 됐지. 그 앞서게 되려는 순간일 세그려. [/ADDED]"
내가 옥에서 나온 후 정숙이에 대한 상상으로 자주 몸이 달아오르는 현상을 묘사함.," 내가 없는 동안 남자들이 정숙이에게 어떻게 굴었고 또 정숙이가 사나이들 에게서 무엇을 느꼈으며 이것을 누르기에 얼마나 힘을 썼는지는 이 자리에 누가 감히 보증할 수 있을 것이냐. 그러나 옥중에 있는 동안 참말로 말할 수 있다만 나는 그것을 생각해보고 안타까워하며 몸이 달아한 적은 한 번도 없었다.[ADDED] 그런데 이것이 웬일이냐. 나는 오히려 세상에 나와서 안해를 내 옆에 놓고 가끔 그것을 느끼니 이것 이 대체 어찌 된 일이냐. 오히려 내가 없었을 때 일까지를 상상하고 나는 때 때로 몸이 달아한다. 안해는 그전과 조금도 다름없이 굴건만 아니 그 전보다 도 더 얌전하게 집안에만 들어 있건만 나는 그전과는 판이하게 그것을 느낀 다. 나는 의처병에 걸렸을까. 물론 이런 것은 나도 안다. 안해가 나에게 불만을 가지고 있다는 것 이건벌써부터 내가 잘 알고 있다. 그것은 오늘밤 방금 정숙이가 한 말로 증명할 수 있지 않느냐. 사실 나는 그에게 불만이 있다는 것을 느낀 적은 퍽 오래전부터이다. 그러나 나에 대한 그의 불만이 이렇게 그의 전몸뚱이에 혈관같 이 퍼져 있는 줄은 몰랐었다. 그가 말하는 모든 불만, 그가 내게 대들며 삿 대질을 하듯이 들씌우는 모든 불평이란 것들이 하나도 거짓은 없고 그것 전 부가 사실이라 할지라도 그리고 나 역시 그것을 희미하게나마 생각하고 있 었다 할지라도 나는 그것이 . 정숙이의 몸에 그렇게 뿌리 깊게 적어도 그러 한 형태로 퍼져 있는 줄은 상상하지 못하고 있었다. 어디서 옛날의 정숙의 면모를 찾을 수 있느냐. 그의 생각 그의 관찰 그의 비판 ─ 모든 관점이 다 른 염집 부인네보다 못하면 못하지 조금도 나을 것이 없다. [/ADDED]"
피난민증과 서울시민증 교체 과정에서 발생한 행정적 문제와 개인적 불편함을 묘사함.," 피난지에서 서울로 다시 수복이 되어 환도를 하니 무슨 수속이 또 많았 다. 우선 해야 할 것이, 가호적을 해가지고 피난민증과 서울시민증을 바꿔 야 하는 것이었다.[ADDED] 그러나 별치도 안은 이런 수속이 그리 용이하지도 안았다. 양식대로 다 옳게 쓴다고 했는데 무에 틀렸는지 동회를 거치기까지 한 게 구청에서는 퇴 짜였다. 퇴짜를 맞고 나니 퇴짜를 맞는 그자체부터가 불쾌도 하였지만, 그 퇴짜를 맞기까지 구청 복도에 우두커니 서서 몇 시간이고 기다려야 하는 것 이 맥살 나는 일이었다. 그래서 그 이튿날은 서류를 다시 정비해 가지고 사 람이나 좀 없을 때 가져다 낸다고 일찌감치 갖다 냈더니 서류를 한참 뒤적 이며 들여다보던 계원은 “가만 있자, 이거 여보세요. 생일이 또 틀리지 안았습니까?” 하고 접수구로 고개를 기웃했다. “본적지도 가는 게 서분한데 생일마저 갈라고 그러슈?” “아니, 그런 게 아니고요, 내외분의 생년월일이 꼭같아서 혹시 틀린 것 이 아닌가 그래서 말입니다.” “그 건 염려 놓으슈, 딴 건 몰라두 우리 가족의 생일은 내가 더 잘 알 것 이니까요.” “으으 그러시겠지요. 참 천정배필이십니다. 동갑에 생일까지 같으니!” “좌우간 생일만 틀리지 안았다면 딴 건 인제 틀린 건 없지요? 그럼 됐지 뭘요.” 떡 이웃에 사는 무슨 중령인가 한 이의 아들 여섯 살짜리가 요 며칠째는 매 일같이 우리 집에 와서 다섯 살 난 내 손자 놈 하고 얼려 논다. 오늘 아침도 내가 책을 뒤적거리고 있는데 중령의 아들이 손자 놈을 찾으 며 문을 열고 들어선다. [/ADDED]"
새벽에 여인의 울음소리를 듣고 상황을 조사하는 내용이 추가됨.," 신문 기사 특유의 과장적 동정의 태도로 신문 지상에 나타난 그의 사건은 대략 이러하였습니다. 저녁때부터 흐려오던 일기는 밤에는 보슬비를 내리기 시작하였습니다.[ADDED] 외로운 산촌의 빗소리를 들으면서 봉선이와 나란히 하여 자리에 들어간 나 는 곤함에 못 이겨서 어느덧 잠이 들었습니다. 그러나 웬일인지 깊이 잠들 지 못하였던 새벽 2시쯤 하여 문득 깨었습니다. 깨면서 나는 보슬보슬 내리 붓는 빗소리에 섞여서 나는 젊은 여인의 흐느껴 우는 소리를 들었습니다. 펄떡 정신을 차리며 화순의 자리를 만져보니 거기는 빈 자리뿐이 남아 있었 습니다. 가만히 발을 들고 내다보매 화순이는 토방에 놓인 쌀자루에 기대어 엎드려 울고 있었습니다. 외딴 산촌의 빗소리에 섞여서 간간 그의 흑흑 흐 느끼는 소리가 소름이 끼치도록 적적히 들립니다. 나는 발소리 안 나게 나가서 그의 뒤로 가서 그의 어깨에 손을 얹었습니 다. 그는 한순간 펄떡 놀랐지만 울음을 뚝 그쳤습니다. 그러나 격렬히 떨리 는 그의 어깨는 그가 얼마나 힘 있게 울음을 참고 있는지를 증명합니다 “화순, 들어가요.” 내 말을 듣는 순간 그는 억제도 할 수 없는지 소리를 내어 울었습니다. “자, 화순 들어가요.” “경애, 먼저 들어가요. 인제 들어갈게…….” “그러지 말구 자, 들어가요.” 나는 그를 옆에 끼다시피 하여 들어왔습니다. “화순, 나도 신문에서 보고 다 짐작했어. 얼마나 분했겠소? 그러나 잘 참 았어. 용하도록 참았어.” 이전 학교 시대에 200여 명 생도가 교장에게 꾸지람을 듣고 울 때에 혼자 서 눈이 말둥말둥 교장을 흘려보고 있던 그였습니다.[/ADDED]"
군침이 만돌과 대화하며 진실을 요구하는 상황이 추가됨.,"온 집 사람들이 모두 경멸하는 눈으로 맞아들이는 한 치각의 집 대문을 들어 서 군침은 곧 작은 사랑으로 들어가려 하였으나 문이 굳게 걸리어 있기 때 문에 얼마 동안 사랑 중문 밖에 서성거리는 동안에 상노 만돌이가 나왔다. 만돌이는 비웃는 낯으로 군침을 쳐다보며 “오늘은 웬일이십니까? 꽃이 피게 되니까 꽃구경을 오셨습니까?”[ADDED] 하며 이상스러운 말로 인사를 한다. 군침은 만돌의 태도와 인사에 가슴속에 서 무언가 꿈틀하고 치미는 흥분을 느끼었다. 그러나 그 흥분을 상노에게 발로하기에는 너무나 어리석은 것을 뉘우쳤다. “내가 언제 꽃구경 다니더냐? 쓸데없는 말만 나불나불 하지 말고 사랑문 이나 열어라.” 하며 군침는 독기가 내쏘는 시선으로 만들어 쏘아 보았다 “사랑에는 누가 계시다고 문을 열어요?” “나으리는 어디 가셨니?” “나으리요? 시골 가신 지가 벌써 한 달이나 되었는데 입때 모르십니까?” 하며 만돌은 또 비웃는 말씨를 던졌다. “아, 어느 시골을 가셨단 말이야? 온천이란 말이냐? 어디란 말이냐?” 군침의 머리에는 계집과 한 치각을 연상하며 이렇게 말이 쑥 나왔다. “모르지요 온천을 가셨는지 대국을 가셨는지. 집 나선 지가 한 달이나 됐 는데 편지 한 장이 아니오니까 웬일인지 알 수 없지요. 또 영감께서도 요새 는 걱정을 하고 계시대요.” 만돌의 이러한 허황한 말을 들은 군침은 그것이 사실 같지는 믿어지지 아 니하였다. 안나의 병이 심하게 된 후로는 될 수 있으면 몸을 피하려는 태도 를 가진 한 치각이 상노에게 그러한 거짓말을 일러 자기 집 사람을 거절하는 것이나 아닌가 생각하며 “이놈아 거짓말 말고 문을 열어. 나으리가 가시다니 어디를 가셔? 그저께 내가 뵈었는데 시골 가신 지가 한 달이라니 거짓말 말어.” 하며 군침은 만돌의 덜미를 집어서 이렇게 말했다. [/ADDED]"
논문 작성에 대한 저자의 노력과 고대 가악의 역사와 특성이 추가됨.," 그렇듯 재료가 희귀하고 사실(史實)이 공소한 가요를 연구하는 일은 참말 로 힘이 미치지 못하는 일이 되어 논문를 쓰기가 매우 어려운 것이다. 그러 나 위의 기술한 것과 같이 가요는 문화사의 가장 중대한 재료인 까닭으로 연구자는 어디까지든지 노력를 가하여 발견 정리할 책임이 있는 것이다.[ADDED] 내 가일찍부터 가시(歌詩)를 강구(講究)하여 봄은 실상 진력하여 온 터이나 아직까지도 완전히 투득(透得)하였다는 자신이 없다. 그러나 진보는 계단이 있고 거창한 사업은 여럿의 힘를 요구하는 것이다. 불초의 지금까지 연구한 바가 비록 미완성품에 불과한 것이나 그것를 세상에 발표하여 문예가 여러 분에게 참고가 되게 하면 혹시 진보 성취에 한 도움이 될까 하여 이번에 이 를 간략히 기술하는 것이다. 그런데 처음으로 가악이 발생하기는 전고 원시시대에 있어 제전(祭典)의 의식(儀式)으로부터 생겨난 것이다. 고대에는 천신(天神)과 물령(物靈)에 제사를 드리는 것이 제일 가는 도덕이요 유일한 정치로 되매 그 제삿날에는 예사로 가무를 흥행하여 명절를 삼으니, 그 절사(節事)를 ‘영고(迎鼓)’라 고도하고 ‘무천(舞天)’ 이라고도 한 것이었다. 이 말은 ""후한서(後漢 書)""115권, ""삼국지(三國志)"" 또는 ""문헌통고(文獻通考)""148권 등에 있는 것이다. 고대 가무의 근원를 앞에 든 사적(史籍)에 근거하여 발견할 수 있으나 그 가시(歌詩)의 성질이 어떻다는 것은 채탐(採探)하기가 어렵다. 어느 나라의 내력이든지 고대의 일은 근거가 없어 거의가 추측으로 판단하는 것이다. 조 선의 고사(古事)도 문헌이 물려오지 못하는 까닭으로 역시 추측으로 더듬어 볼밖에 없다. 요컨대 고대 가악의 속내는 신사(神事)를 찬송하고 화복(禍 福)를 기원하며 또는 신화(神話)를 열거함에 있는 듯하다. 대저 태고인은 심성이 순박하고 분수가 미거하여 사상 및 그 정조(情調)는 전혀 명확한 형 상를 내놓지 못하고 혼돈스런 기괴한 마력(魔力)에 눌린 바 되었던 것이다.[/ADDED]"
"
M이 검사를 회피하는 이유와 그의 심리적 고민이 추가됨.","“알겠네.” 그는 다시 입을 봉하였습니다.[ADDED] 그러나 그때에 나는 알았습니다. M은 검사도 하여 보지 않 은 것이외다. 그는 무서워합니다. 그는 검사를 피합니다. 자기의 아내가 임신을 하였습니 다. 그것은, 상식으로 판단하여 무론 남편의 아이일 것이외다. 거기에 대하여 의심을 품을 자는 하나도 없을 것이외다. 의심을 품을 필요도 없는 것이외다. 왜? 여인이 남편을 맞으면 원칙상 임신을 하는 것이 당연한 일이니깐. 이 의심할 필요가 없는 일을 의심하다가 향기롭지 못한 결과가 나타나면 이것은 자작지얼 (自作之孽)로서 원망을 할 곳이 없을 것이외다. 벌의 둥지를 건드리는 것은 어리석은 짓이 외다. 십중팔구는 향기롭지 못한 결과가 나타날 ‘검사’를 M은 회피한 것이외다. 절망을 스 스로 사지 않으려, 그리고 번민 가운데서도 끝끝내 일루의 희망을 붙여 두려 M은 온전히 ‘ 검사’라는 위험한 벌의 둥지를 건드리지 않기로 한 것이외다. 그리고 상식으로 판단할 수 있는 (제 아내의 뱃속에 있는) 자식에게 대하여, 억지로 애정을 가져 보려 결심한 것이외 다. 검사를 하여서 정충이 살아 있다면 다행한 일이지만, 사멸하였다면 시재 제 아내와의 새에 생길 비극과 분노와 절망은 둘째 두고라도, 일생을 슬하에 혈육이 없이 보내고, 노후 에 의탁할 곳을 가질 가능성조차 없는 절망의 지위에 빠지지 않을 수가 없을 것이외다. 이것은 무서운 일이외다. 상식으로 판단할 수 있는 일을 거부하고까지 이런 모험행위를 할 필요가 없을 것이외다. [/ADDED]"
"남편의 아침 준비와 일상, 그리고 옥과의 대화가 추가됨."," “옥씨, 편안히 주무시오 나 위해 오늘 수고 많이 하였소.” 늦게 일어난 남편은 다락문을 열고 부시시 나왔다.[ADDED] 미리 떠다 떼어 세숫물 에 세수를 하고 다락으로 올라가서 한참 후에 나오는 그의 얼굴은 한층 더 환해졌다. 그는 밥상을 마주 앉으며, “옥씨도 잡수어야지요?” “먹었습니다.” 몇 술을 뜨는 듯하더니 상을 물리었다. “오늘 주일날이지요?” “네.” 남편은 양복을 바꾸어 입고 연해 면경 속으로 자기를 비춰보았다. “기성이, 다락에서 솔 들여다 주게.” 가져오는 솔을 받아 위에서부터 내려 쓸었다. 햇빛에 일어나는 먼지는 오 색으로 빛났다. “예배당에 갑시다. 당신 예수 잘 믿지요 그래서 나 위해 기도 많이 하신 댔지요.” 옥의 얼굴은 빨개졌다. 오밤중에 일어나 눈물 먹어 쓴 편지 일면이 그의 앞에 빤히 나타나는 것이었다. “그래서 나도 예수를 진실히 믿게 되었지요그려.” 빙긋 웃으며 밖으로 나갔다. 남편이 나가는 뒤꼴을 물끄러미 바라본 그는 ‘빠른 것은 세월이다!’ 하 고 생각하였다. 재종 소리에 놀란 그는 분주히 옷을 갈아입고 밖으로 나와서 부엌 대문을 걸고 사랑문을 들여다보며 기성이에게, “집 잘 보게.” 하고 사립문을 지치고 골목 새로 빠졌다. 복술이는 뒤를 따랐다. 예배당 가까이 오자 우렁차게 울려 나오는 찬미 소리가 들렸다. 문안을 들 어 서며 ‘참으로 남편이 왔을까? 하는 호기심으로 남자 방을 힐끔 쳐다보았 다. “왜 언니 늦게 오시우?” 옥의 손을 꼭 잡아 제 곁에 끌어앉히는 학생을 바라보니 상애였다. 따라 학생들은 눈으로 옥에게 인사를 건네었다. [/ADDED]"
득춘의 계획에 대한 내부 갈등과 지역적 배경이 추가됨.," 득춘이 이 일을 계획하면서도 처음에는 몇 번이나 주저하였다. 만일 자기 들이 떠난 뒤에라도 도적놈이나 무지한 자니 하는 그런 소리가 반드시 일어 날 것을 생각하매, 참하 그 일을 실행할 수 없었다.[ADDED] 또는 이러한 것이 자기 의 장래 일에도 큰 방해나 끼치지나 아니할까 하는 두려움 없는 것도 아니 었지만은, 그가 그대로 C촌에 머물러 있도록 할 희망과 믿음직한 것이 그에 게로는 하나도 없었다. 또 한 가지 득춘으로 하여금 용단을 내어 결국 이 일을 실행케 한 것은 득 춘이 방금 실행하려는 그러한 일 같은 것이 이 전북평야 지방에는 비교적 많은 것이었다. 많은 가난한 사람들은 도조(稻組)도 치를 수 없고, 다른 얻 어 쓴 빚도 갚을 수 없어 집을 지니고 살 수 없는 경우이면 그대로 농사진 것을 얼마되든지 뭉뚱그리어 가지고 다른 먼 지방으로 도망을 하던지, 그 렇지 않으면 집안 식구가 다 각기 흩어져 바가지를 들고 걸식을 하였다. 그 것이 그들의 이 세상을 살아가는 계책의 하나이었던 것이다. 그리하여 그들 은 그와 같은 정처 없이 유랑 생활을 하는 것을 자기네의 운명처럼 여기던 것이다. 평일에는 득춘이 이러한 무리를 볼 때에 한 경멸과 조소로 대하였었다. 그 리하던 득춘 자신이 이러한 일을 자기 스스로 실행하게 되었다. 이것을 생 각하매 이러한 파멸에 갇힌 운명에 우는 자기 자신을 동정하는 동시에, 평 일에 없이 여기는 눈초리로 그런 유랑 가족을 대한 것이 도리어 부끄러운 생각이 난다. 그러나 부끄러운 생각만으로 이 계획을 중지할 수는 없었다. [/ADDED]"
"""눈보라""의 배경과 홍 선생의 삶의 고난이 추가됨.","눈보라 ＊""동아일보""(1929년 09월 21일~10.1)에동업자란 제목으로 발표한 작품.[ADDED]단편집""태형""(대조사, 1946)에서 눈보라로 제목을 고쳐 수록함. 조선은 빽빽한 곳이었습니다. 어떤 사립학교에서 교사 노릇을 하던 홍 선생은 그 학교가 총무부 지정 학 교가 되는 바람에 쫓겨 나왔습니다. 제아무리 실력이 있다 할지라도 교원 면허증이라 하는 종잇조각이 없으면 교사질도 하지 말라 합니다. 그러나 이 제 다시 산술이며 지리 역사를 복습해가지고 교원검정시험을 치를 용기는 없었습니다. 일본 어떤 사립중학과 대학을 우유배달과 신문배달을 하면서 공부를 하느 라고 얼마나 애를 썼던가. 겨울, 주먹을 쥐면 손이 모두 터져서 손등에서 피가 줄줄 흐르는 그런 손으로 필기를 하여 공부한 자기가 아니었던가. 주 린 배를 움켜쥐고 학교 시간 전에 신문배달을 끝내려고 눈앞이 보이지 않는 것을 씩씩거리며 뛰어다니던 그 쓰라림은 얼마나 하였던가. 그리고 시간을 경제하느라고 우유 구루마를 끌고 책을 보며 다니다가 돌이라도 차고 넘어 졌다가 다시 일어날 때에 벙글 웃던 그 웃음은 얼마나 상쾌하였던가. 이것 도 장래의 나의 일화의 한 페이지가 되려니. 아아, 생각지 않으리라. 그 모든 고생이며 애도 오늘날의 영광을 기대하는 바람이 있었기에 무서운 참을성으로 참고 지내지 안했나. 그러나, 그 애, 그 노력도 모두 물거품으로 돌아가버렸습니다. 7년 동안의 끔찍이 쓴 노력도 조선 돌아와서 소학 교사 하나를 해먹을 수가 없었습니 다. 7년 동안을 머릿속에 잡아넣은 지식은 헛되이 썩어날 뿐 활용해볼 길이 없었습니다.[/ADDED]"
엘리자베트의 증상 묘사와 진찰 장면이 추가됨.,"석탄산과 알코올 내음새에 낯을 찡그리고 엘리자베트는 교자에 걸어앉았다. 의사는 무슨 약병을 장난하면서 머리를 숙인 채로 물었다.[ADDED] “어디가 아프시오?” 엘리자베트는 대답을 못하였다. 제일 어찌 대답할지를 몰랐고, 설혹 대답할 말을 알았대 도 대답할 용기가 없었고, 용기가 있다 하더라도 부끄러움이 ‘대답’을 허락지 않을 터이다. “그런 것이 아니라― ” 남작이 엘리자베트의 대신으로 대답하려다가 이 말만 하고 뚝 그쳤다. 의사는 대답을 요구치 않는 듯이 약병을 놓고 청진기를 들었다. 엘리자베트는 갑자기 부끄 러움도 의식지를 못하리만큼 머리가 어지러워지기 시작하였다. 그의 눈은 보지를 못하였 다. 그의 귀는 듣지를 못하였다. 그의 설렁거리는 마음은 다만 ‘어찌할꼬 어찌할꼬’ 하는, 엘리자베트 자기도 똑똑히 의미를 알지 못할 구(句)만 번갈아 하고 있었다. 의사는 엘리자베트에게로 와서 저고리 자락을 열고 청진기를 거기 대었다. 의사의 손이 와 닿을 때에 엘리자베트는, 무슨 벌레를 모르고 쥐었다가 갑자기 그것을 안 때와 같이 몸을 옴쭉하였다. 그러면서도 엘리자베트는 의사의 손에서 얼마의 온미(溫味)를 깨달았다. 이성 의 손이 살에 와 닿는 것은, 엘리자베트와 같은 여성에게 대하여서는 한 쾌락에 다름없었 다. 엘리자베트가 이 쾌미를 재미있게 누리고 있을 때에 의사는 진찰을 끝내고 의미 있는 듯이 머리를 끄덕거리며 남작에게로 향하였다. 남작은 의사에게 눈짓을 하였다. 어렴풋하게나마 이 두 사람의 짓을 본 엘리자베트는 이제껏 연속하고 있던 ‘어찌할꼬’ 뒤 로 무한 큰 부끄러움이 떠올라오는 것을 깨달았다. 그러는 가운데도 그는 희미하니 한 가 지 일을 생각하였다. [/ADDED]"
작가가 작품 초반의 발단을 만들어내기 위한 고민과 시도의 과정이 추가됨.," 아무래도 이백 매는 가져야 할 것만 같다. 이렇게 대충 얽어놓기는 했으나 아무리 머리를 짜도 첫 발단이 시원치가 않다.[ADDED] 시작만 하면 씌어질 것 같았고, 또 그의 경험으로 보면 첫 발단만 마 음에 들면 어쨌든 풀려 나가기도 했던지라 밤늦도록 테이블에도 앉아보았 고, 책상 앞에 쪼그리고 앉아도 보았었다. 그러나 역시 실마리가 풀리지를 않는다. 의자에 앉았으려면 머릿속의 생각 이 주르르 흘러내리어 누전처럼 발끝으로 빠져나가는 것만 같아 견딜 수가 없다. 그래서 또 이번에는 책상 앞에 무릎을 꿇고 단정히 앉아도 보는 것이었으 나 잡념이 무릎에 가서 딱 걸려서 솰솰 배설이 되지 않는 것만 같아 그 때문 에 또 소설이 안 씌어 지는 것 같다. 그러면 또 자리를 옮겨보는 것이었다. 책상이나 테이블 위에 널려져 있는 책이니 시계 따위의 위치에 어째서 그 렇게 신경이 쓰이는지 알 수가 없다. 언제나 그 자리에 있던 그 위치였었 다. 그것이 기분에 따라서 마음에 드는 위치가 있고 신경이 쓰이는 위치가 있다. 그래서 시계고 재떨이고 스탠드고 심지어 원고지 위치까지 이리 놓고 저리 놓고 하다가 보면 날이 밝는 수가 있었다. 오늘이 마치 그렇다. 원고 지의 선과 테이블 가의 선이 꼭 평행이 되어야만 쓰일 것 같아서 아무리 바 로 놓아보아도 틀리고 틀리고 하는 것이다. ‘신경이 약해져서 이런 가보다…’ 필경에는 이렇게 단념해버렸지만 실상 아무리 동앗줄 같은 신경이라더라도 이렇게 혹사를 당한다면 약해질 수밖에는 없었을 것이다. [/ADDED]"
학교와 부모가 어린이를 자신들의 요구에 맞추려는 문제점이 추가됨.," 그것도 무지한 위압입니다. 지금의 그네의 학교 교사와 같이할까.[ADDED] 그것도 잘못된 그릇된 인형 제조입니다. 지금의 그네의 부모 그 대개는 무지한 사랑을 가졌을 뿐이며, 친권(親權) 만 휘두르는 권위일 뿐입니다. 화초 기르듯 물건 취급하듯 자기 의사에 꼭 맞는 인물을 만들려는 욕심밖 에 있지 아니합니다. 지금의 학교 그는 기성된 사회와의 일정한 약속하에서 그의 필요한 인물을 조출(造出)하는 밖에 더 이상도 계획도 없습니다. 그 때 그 사회 어느 구석에 필요한 어떤 인물(소위 입신 출세 자겠지요.)의 주문을 받고 그대로 자꾸 판에 찍어 내놓는 교육이 아니고 무엇이겠습니까. 그러나 어린이는 결코 부모의 물건이 되려고 생겨나오는 것도 아니고, 어 느 기성 사회의 주문품이 되려고 나오는 것도 아닙니다. 그네는 훌륭한 한 사람으로 태어나오는 것이고 저는 저대로 독특한 사람이 되어 갈 것입니다. 그것을 자기 마음대로 자기 물건처럼 이렇게 만들리라, 이렇게 시키리라 하는 부모나 이러한 사회의 필요에 맞는 기계를 만들리라 하여 그 일정한 판에 찍어 내려는 지금의 학교 교육과 같이 틀린 것, 잘못된 것이 어디 있 겠습니까. 우리는 우리 지식껏 이러한 사회를 꾸미고 이러한 도덕을 만들어 가지고 살지마는 그것은 우리의 사색하는 범위와 우리의 가진 지식 정도 이내의 것 이지, 그 범위 밖을 내다볼 수 있다면 거기는 그보다 다른 방침과 도덕으로 더 잘 살 수 있는 것이 있을는지도 모를 것 아닙니까. [/ADDED]"
"신문학 발전과 연실이의 문학 활동, 최명애의 계획이 추가됨."," 조선 신문화는 대개 동경 유학생의 힘으로 건설되었고 문화의 제일 과정은 자유연애였다. 연실이가 장차 조선에 돌아가면 건설하려던 조선 신문학은 연실이가 돌아 올 때까지 기다리지 못하고 아직 동경 유학할 동안에 싹이 트기 시작하였 다.[ADDED] 이고주(李古周)라는 청년 문학도가 혜성과 같이 나타났다. 이 청년 문 학도가 문학이라는 무기를 이용하여 처음 부르짖은 것이 자유연애였다. 이 현상은 연실이로 하여금 더욱더 연애와 문학은 불가분의 것이라는 신념 을 굳게 하였다. 이러는 동안에 최명애는 연실이보다 1년 앞서서 졸업을 하고 동경을 떠나 게 되었다. 송안나는 최명애보다 1년 전에 귀선하였다. 명애가 귀선할 날짜가 거진 가까운 어느 날 연실이는 명애의 하숙을 찾아 갔다. 오래간 만이었다. 서로 연애에 골몰한 동안은 동무를 찾을 겨를도 과 연 없었다. “아이, 오래간 만이로구나.” “언니 졸업 턱 받으러 왔수.” 이런 인사로써 둘은 마주 앉았다. 여자들끼리 만나면 으레 나오는 쓸데없는 이야기가 한참 돈 뒤에 연실이는 이런 말을 물어보았다. “언니, 돌아가선 무얼 하겠소?” 이 질문에 명애는 눈가에 명랑한 미소를 띠고 잠깐 연실이의 얼굴을 본 뒤 에 대답하였다. “시집가련다.” “시집을?” “그래, 우스우냐?” “턱은 대었수?” “글쎄, 누구한테 갈지 갈팡질팡일세. 돈 있는 작자는 시부모가 있구, 단 가살림은 돈이 없구. 너무 잘난 녀석은 휘어잡기 힘들구, 너무 못난 녀석은 셋샤 마음에 안 맞구.” 그런 뒤에 명애는 최근 삼사 년간에 졸업하고 귀선한 남학생을 한 오륙 명 꼽아대었다. 그 가운데 세 사람은 명애하고 특별한 관계가 있던 것을 연실 이도 안다. 그로 미루어서 나머지들도 다 그렇고 그런 사람들일 것이다.[/ADDED]"
"심참봉과 한 치각의 대화 및 돈 거래, 일지매의 행동이 추가됨.",심참봉은 우선 술을 재촉하며 “나도 어제 일은 도무지 캄캄하나 설마 자 네가 때리기야 했겠나.” “내가 치마를 찢은 생각은 기억에 있으나 때렸다는 사실은 도무지 인정할 수 없는데 그래 얼마나 아프단 말인가?”[ADDED] 심참봉의 어조는 사건을 보고한 뒤에는 또다시 회담으로 변하였다. “대장은 무얼 그렇게 기절을 한단 말이요. 이건 처음 지내나. 한 밥 먹자 는 연극인데 이왕 쓰는 터이니 몇백 원만 더 쓰면 승전고를 울릴 터인데 무 슨 걱정이야. 돈만 두둑히 내게 맡기면 내가 다 매만질 것이니…….” “돈은 얼마란 말이야?” “얼마 할 것 있나. 다다익선이지.” 한 치각은 고개를 기울여 한참 동안 생각하더니 “얼마나 보낼까? 백 원이면 될까?” “한 이백 원 선뜻 써서 아주 포로를 만들게나그려.” 한 치각은 다소간 위협을 느끼며 백 원짜리 한 장과 십 원 권 다섯 장을 양 봉투에 넣어 심참봉을 주었다. 11회 남주사 심창봉이 돌아간 뒤에 찻방 안에 몸을 피하였던 일지매는 다시 방안으로 나와서 미처 덜 마친 화장을 다스리고 자릿저고리를 바꾸어 입었다. 인제는 어떠한 호흡을 당하든지 무장의 준비는 거의 다된 셈이다. 일지매는 겨우 경대를 치워놓고 내던지고 간 삼월오복점 봉지에 돌돌만 치 마감을 끌러본다. 일지매의 모는 욕심이 덕지덕지 내솟은 얼굴에 지렁이 같 은 주름살을 나타내며 치마감을 들여다 본다. “대관절 어드런 것을 가져왔니? 엊저녁에 망치고 온 초마는 돈을 십오 원 이나 들여서 지어가지고 겨우 세 번밖에 아니 입은 것인데.” 하며 일지매가 손으로 풀고 있던 그 피륙 위에 눈을 찌푸려 시선을 던지고 있다.[/ADDED]
송필훈의 미망인과 주인공의 대화와 감정이 추가됨.," 나는 너풋 절이라도 해야 할 것같이 그만 당황했다. 송필훈 씨……그는 나의 고향 선배였다.[ADDED] 선배로되 정분이 자별한 사이였었 다. 이 여인은 그의 미망인이었다. 그러나 지금 이 자리에서는, 사이가 자별하던 고향 선배의 미망인을 못 알 아보았다든가, 그를 만나서 반갑다든가, 또는 어떤 돈냥이나 있는 영감장이 의 첩데기가 된 그를 대하기가 점직하다든가, 그런데다가 우연히 그의 집에 하숙을 하게 된 인연이 기이하다든가, 이런 것 말고도 달리 한 가지, 얼굴이 화틋함을 느끼지 않을 수가 없는 기억이 솟아올랐고, 내가 당황해함도 일변 그 때문이었다. 정녕코 내 얼굴은 화틋했었다. 저편은 그러나 천연스러웠다. “인제 아시겠어요? 호호호오!” “이건 원, 너무 참!…… 그렇게 몰라 뵈었담!” “무얼요! 어떡하다 그러시기두 예사지. 그러나저러나, 이렇게, 우리 집 손님으루 뵙게 될 줄은……” “글쎄올시다, 저두 참……” 당연히 내가 먼저, 그리고 다른 말보다도 먼저, 송필훈 씨에 대한 인사를 먼저 했어야 할 것이었다. 그러나 나는, 이미 이 여인의 현재의 처지를 알 고 있는 터라, 혹시 어찌 여길까 싶어, 불쑥 입을 열기가 주저로왔다. 잠깐 그리하여, 어색한 침묵이 있은 뒤에, 요행 여자가 먼저 “그인 참, 돌아가셨죠!” 하고 개두를 해서, 나도 그제서야 “그때 참, 부곤 받구서두, 내려가서 문상두 못 드리구, 이내……” “생전에 가끔 말씀을 하시구 했어요. 만나구 싶다구……” “병환은 그래, 무슨 병환으루?……” “골병이죠!…… 그때두 웨 참, 보시잖었어요?” 이, 그때도…… 소리에 나는 다시금 얼굴이 화끈 달았다. [/ADDED]"
주간이 폭력을 사용하며 사장에게 월급 지급을 요구하는 장면이 추가됨.," “허허 제가 언제 모른다구…….” 주간은 외면을 하면서 코웃음을 쳤다.[ADDED] “이 놈들을 그저 두어서는 늘 그 꼴이 되겠으니 주먹맛을 좀 보여 주어야 하겠군!” 하고 강은 사장의 앞으로 가더니, “그래 월급을 못 주겠어? 응 어떤 놈은 주고 어떤 놈은 따돌리나” 하면서 멱살이나 잡을 듯이 달려들었다. “이게 무슨 해거요? 내가 돈을 두고 안 주우” 사장은 강을 노려보았다. “그래 네가 돈이 없어서 못 주니? 이놈아!” 어느 겨를에 사장의 멱살은 강에게 잡히었다. “이 놈 이 후레아들 놈 같으니 점잖치 못하게!” 사장은 멱살을 잡혀서 발악을 하였다. “무어 어쩌구 어째? 우리는 체면도 없다. 그래 돈을 못 줄 테냐” “돈? 돈이 없다. 없어…….” 주간과 회계가 달려들어서 말리는 것을 김과 최가 달려들어서 막는다. “이 놈 내가 모르는 줄 아니? 이놈 회계와 주간의 월급은 선불을 하고 우리는 그래 못 주겠니” 강은 사장을 깔고 앉아서 죽으라고 때렸다. “아이구! 나는 돈 없다. 이놈 주간놈인지 회곈지 한 놈들이 너의 월급만 주면 관계치 않다 했지” 사장은 소리를 슬프게 질렀다. 그 바람에 김은 회계를 최는 주간을 붙잡고, “옳지 너만 먹으면 관계치 않으냐” 조르는데 사장을 깔고 앉았던 강이 벌떡 일어나더니 하인을 보면서 “얘! 이 방에 있는 의자며 책상 할 것없이 말끔 집어내라! 팔아 먹고 볼 일이다.” 하더니자기부터 벽에 걸린 시계를 떼고 책상을 둘러메려고 한다. [/ADDED]"
어머니를 경멸하는 아들과 그의 관계가 점차 악화되는 내용이 추가됨.," 그는 생활난과 정조라는 것의 가치를 비교할 만한 진보된 지식은 아직 못 가졌다. 하물며 제 어머니라는 사람과 생활난과 정조 관념의 삼각 관계를 이해할 리가 없었다.[ADDED] 그러나 수천 년 간 그의 조상들이 신봉해오는 관념의 여파로서, 제 어머니의 하는 일이 지극히 천스럽고 부끄러운 일인 줄은 알 았다. 그는 어머니를 경멸하지 않을 수가 없었다. 이리하여 사회의 질서를 유지하고자 행한 바 법률의 처분은, 여기서 그 부 산물로서 모자 간의 이반이라는 사회질서에 위반되는 일을 해놓았다. 그 뒤부터는 모자의 사이는 차차 벌어졌다. 아들은 제 어머니에게서 어머니의 행 동에 대한 변명이 듣고 싶었다. 그러나 어머니는 변명하지 않았다. 그 대신 아들의 양해…… 묵인을 바랐다. 그러나 아들은 양해하지 않았다. 아들은 차차 어머니와 이야기하기를 피하 였다. 그것을 갚으려는 듯이, 어머니도 차차 아들과 이야기를 피하였다. 그 리고 처음에는 서로 ‘피하려’던 것이, 차차 어느덧 서로 ‘악의로써 대하 게’ 되었다. 어미는 변변찮은 작은 일로도 차차 제 아들을 몹시 꾸짖는 일 이 많아갔다. 할 수 있는 대로 이야기를 안 했지만, 하게 되면 그것은 꾸중 이나 욕설뿐이었다. 그러나 제 어머니를 경멸하는 아들에게는, 그 꾸중이 귀에 들어올 리가 만 무하였다. 아들은 꾸중에 머리도 안 숙였다. 변명도 안하였다. 대답조차 안하였다. 못 들은 체하고 저 할 장난만 하였다. 이렇게 되면, 어머니는 더욱 성을 냈다. 그리고 발을 굴렀다. 그러나 아들은 제 태도를 고치지 않 았다. 그는 어머니를 무시하는 것으로 유일의 대항책을 삼는 것이었다. [/ADDED]"
만금이 오리알을 발견하고 팔아서 돈을 마련한 과정이 추가됨.," 그러나 그 다음 순간 그것이 어떻게 된 연고이었던 것임을 알았을 때 만 금은 가슴이 두근거림을 느끼었다. 책보를 더듬으려 다시 어릅쓸던 만금의 손에 잡히는 것이 있었던 것이다.[ADDED] 담뜸 밑으로 오목하게 닦인 집검부지 속 에 낳아 떼어 오리알이 그것이었다. 쓸어 보니 오리 알은 한 알이 아니요, 세 알이나 대글거렸다. 만금은 그것이 오리알이라는 것을 짐작하게 되는 순 간 그것을 학교 앞거리 상점에 가져다 팔았으면 50환은 넉넉히 받을 수 있 으리라는 생각이 머릿속에 떠올랐던 것이다. 그리고 그것은 안타깝게도 만 금의 마음을 찰지게 붙들고 놓지 않았다. ‘죄다, 남의 물건을 훔친다는 것은 죄다.’ 만금은 몇 번이나 이런 생각을 하고는 그 자리를 떠나려 하였으나, 뒤미 처 그의 눈앞에는 헐벗고 굶주려 우는 전재 고아가 나타났다. 그리고는 살 려 달라는 듯이 자기의 어깨에도 그들이 무수히 달려와서 매어 달리는 것 같 은 환상이 눈앞에 어릴 때, 그의 손은 어느새 벌써 오리알에 가 닿아서 떨 리고 있었다. 그는 더 생각할 여지가 없었다. 한 알, 두 알, 세 알 연거푸 들어내어서 책보에 쌌다. 그는 죄를 범하였다는 두려운 생각보다 돈을 마련할 수 있다는 것이 앞서서 그의 마을을 즐겁게 하였다. 만금은 가게에 달려 가 한 알에 20환씩 세 알에 60환을 받아 들고 그 길로 사무실로 들어가 그 60환을 모두 내놓았다. “넌 이거 10환이 더 왔구나.” 하고 돈을 세어 보던 선생은 만금의 앞으로 10환 한 장을 도로 밀어 놓았 다.[/ADDED]"
자신이 전도자나 투사가 아니며 근대에 유행하는 투사가 아님을 설명한 내용이 추가됨.," 나는 소위 ‘전도자’가 아니다. 신학교에서 양성된 자도 아니요, 총회나 감독 의 임명을 받았을 리가 없었을 것은 물론, 특수한 경험으로써 전도자로서의 사명을 자임하는 자도 아니다.[ADDED] 단지 일개 평신도일 것뿐이다. 나는 투쟁을 불호(不好)할 뿐인가, 오히려 대단히 비겁한 자다. 진(眞)을 진 이라 하기 위하여 부득이 비(非)를 비라고 단(斷)하지 아니치 못할 때에도 내 가 던진 실탄(實彈)은 적의 피모(皮毛)도 상(傷)치 못한 듯이 보임에 반하여 적의 허탄(虛彈)은 오히려 나의 간담을 한(寒)케 하는 형편이다. 어느 점으로 보든지 나는 근대에 유행하는 ‘투사’가 아닌 것은 명백하다. 이런 겁자(怯者) 를 붙잡고서 활짝 벗고 나서 싸우라든가, “대담히 조선에 있어서 기성 교회 기관을 떠나서 하는 전도의 사명을 가지고 나오는 것인가”라고 묻는 것은 무 슨 착오에 기인함일까. 겁자 오직 황공할 뿐이다. 나는 무학(無學)한 자다. 조직이 정연한 신학을 요구하는 이는 기관이 완비하고 준재(俊才) 석학(碩學)이 소장(所長)을 발휘하는 신학교 기관지에 이것을 찾을 것이다. 나는 통상 인간 이상의 영적 체험을 소지한 것이 전무(全無)하 다. 그러므로 기독교의 제3전기가 도래하였다고 여명의 경종을 난타하는 예 민한 거안(炬眼)도 가지지 못하였고 영계의 첨단을 행하여 전인 미답의 처녀 지를 신개척할 만한 영계 천재의 기품도 가진 것이 없다. 내가 이처럼 특수 한 사명에 선 자도 아니요, 전도자도 아니요, 투사도 아니요, 최신의 신학설 이나 새로운 교리를 창도하는 자도 아니니 내가 주간하는 ""성서조선""이 나 이상의 것이 아닐 것도 당연한 일이다. 즉 위에 열기한 요소의 하나도 못 가 진 잡지다.[/ADDED]"
조선의 일제 강점기 변화와 어려움을 그리려는 소설의 계획이 추가됨.," 죽기 전에 꼭 쓰고 싶은, 그리고 써놓아야 할 두 개의 창작. 그 하나는 일본에게 합병된 이후의 조선의 걸어온 자취요.[ADDED] 이것은 수십 년전부터 나의 숙망이요 어떤 잡지의 설문에도 그런 대답을한 일까지 있는 바요. 붉은 산은 푸르게 되고 거친 벌판은 미답으로 변하 고, 심심산곡까지 기차가 통하고, 매 고을에 학교가 서고, 전기가 보급되 고…… 일본이 조선을 합병한 뒤에 조선은 이렇게 개혁하였다는 일본 당국 자의 자랑의 이면에는 농촌에는 떼거지가 만주로 떠나가고 한 채의 큰 벽돌 집이 생기려면 원주민 몇 십호는 이산과 유랑으로 몰락하며, 생도가 스승의 따귀를 때리며, 며느리가 시아비에게 짐을 지워가지고 나들이를 가고, 일본 인과 함께 연회에 참석하기 위해서는 집을 저당해서 연회비를 마련하는 조선인의 실정…… 그것이 나날이 더해가고 심각해가는 조선에 그래도 도시에는 칠팔 층의 큰 빌딩이 서고, 양복쟁이가 나날이 더 많아가고 이러한 현황 을……. 이러한 것을 소설화함에 아무리 교묘하게 카무플라주할지라도 총독부의 검열을 패스하기는 지난할 것이오. 그러나 패스가 못된다 하면 단지 문헌으 로라도 한 벌 남겨둘 필요는 꼭 있소. 그것을 쓰고자 하는 것은 수십 년 래의 오랜 숙망이었소. 표면으로는 피상적으로는 이러한 길을 밟아왔지만 이 이면으로는 가지가지의 뚜껑과 껍질 밑에서 민족으로서의 생명의 촛불만은 그래도 꺼지지 않고 깜틀깜틀 살아와서 제아무리 폭력과 교묘한 수단을 다 할지라도 한 개의 다른 말을 가진 민족은 아주 없이할 수 없다는 암시가 이 작품의 큰 안목이니 만치 공공히 내놓지는 못할 작품이오. [/ADDED]"
눌문이 자신이 맏부마로 지목되었다는 소문을 듣고 충격을 받은 사건이 추가됨.,"부자가 서로 짜고 무슨 간책을 꾸며낼는지도 모른다. 지금쯤은 귀신도 모르 게 수품이가 꽃 애기 씨의 부마로 작정이 되었는지도 모른다.[ADDED] 눌문은 안절부절을 못하였다. 그러던 판에 괴상한 풍문이 그의 귀에 들렸다. 그것은 자기가 맏부마의 물 망에 올랐다는 것이었다. 눌문은 펄쩍 뛰도록 놀랐다. 칠부만 못하지 않게 그의 고민은 컸다. 상대 등과 이찬을 아버지로 모신 칠부와 수품과는 달라서, 그는 궁중 지밀한 일 을 손살피같이 알아낼 길이 없었던 것이다. 이 풍문이 참인지 거짓인지 판정해 낼 재조는 없지마는 수품이 부자가 꾸 며 낸 듯한 간책의 하나임에는 틀림이 없었다. 자기를 맏부마로 추켜올려 세워서 꽃 애기 씨에게 대한 사랑의 길을 영영 막아 버리고, 수품이 제가 어 엿하게 꽃 애기 씨의 백년랑군이 되려는 흉계임에는 틀림이 없었다. ─ 수품이 네놈이, 수품이 네놈이! 눌문은 분통이 터져서 몇 번이나 주먹으로 땅바닥을 치고 미친 사람 모양 으로 산으로 들로 헤매며, 입버릇처럼 수품의 이름을 뇌이고 또 뇌이었다. ─ 밤을 타서 궁중에 들어가, 꽃 애기 씨를 들쳐 업고 멀리 멀리 달아나자. 깊숙한 개골산으로나 북한주로 달아나자. 둘이 손에 손목을 이끌고 한 번 달 아 난 다음에야 수품의 아비가 제 아무리 서슬이 푸르다 한들 혈마 우리 둘 을 어찌하랴. 더구나 그에게는 믿는 구석이 있었다. 지난 한가위날 밤 잔치에서 꽃 애기 씨와 누구보담도 가까이 앉았을 적, 꽃 애기 씨는 정녕코 자기를 보고 또 본 것 같았다. [/ADDED]"
향수에 대한 깊은 서술과 고향에 대한 감정의 복잡성이 추가됨.,"4. 향수 (고향에 대한 애수 또는 부모 처자나 세상 명리(名利)를 다 버리 고 멀리 방랑하고 싶지 않으신가.[ADDED]) 향수라면 향수라고 할까, 늘 일종의 차지 못한 서글픈 마음를 느끼게 된 다. 아무 곳에를 가 있어도 ― 그곳이 아무리 편편한 곳이라고 하더라도 그 곳이 있를 마지막 곳이라는 생각이 들지 않으며 그 어느 다른 곳에 더 편편 하고 마음를 잡를 곳이 있으려니만 생각된다. 어디인지도 모를 그곳에 막상 가 보면 또 같은 감정를 느낄 것은 물론이다. 고향에 간다 하더라도 마지막 안도의 감은 얻지 못하는 것이며 그 고향 이외의 곳에 참으로 가야할 고향 이 있으려니만 생각된다. 이 감정에는 끝이 없으며 참으로 무한의 연속이라 고도할까. 이곳에는 항상 불안과 초려가 있으며 고향은 항상 보이지 않는 저 곳에 있다. 그 고향를 구하러 여행를 떠나면 이번에는 도리어 이곳이 그 리워지는 것이다. 이것이 사람의 정이며 서글픈 일생일는지도 모른다. 넓은 의미의 향수 ― 늘 그것를 느낀다. 5. 회유(會遊)의 반도 산하 속에 마음에 드는 승지(勝地) 넓게 놀지 못했으나 무어니 무어니 해도 역시 금강산를 첫손에 꼽아야 할 것 같다. 그 속의 변화와 음영이란 참으로 복잡하고 끝이 없다. 한 가지 놀 라운 인상 ― 물이 푸르지 않고 초록인 것이다. 나뭇잎과 똑같은 초록색인 것이다. 그렇듯 맑고 아름다운 것이 금강산이다. 다음으로는 주를(朱乙)의 오지를 들어야 할 것이며, 동해 일대의 연안 또한 버리기 어려운 것이다.[/ADDED]"
세계적인 혼란과 개인의 일상 생활에 대한 깊은 성찰이 추가됨.,"생활과 화단 ─ 나의 관심사 최근 신문지의 제1면은 늘 흥분된 문자로 채워진다. 활자도 굵거니와 잉크 냄새도 진하다.[ADDED] 모든 것이 위대한 수렁 속에 휩쓸려 들어가 짓무지러들 날 이 가까웠음을 절실히 느끼게 된다. 관심사라면 이보다 큰 누구나의 관심사 가 있을까. 나는 가령 구체적으로 난중(亂中)의 서국(西國)의 생활이라는 것을 생각해 본다. 어지러운 수도의 골목골목에 웅성거릴, 가령 카르멘을 난 이 나라의 여인의 생활과 연애란 어떻게 열려 갈까에 마음이 가곤 한다. 그러나 생활을 생각할 때든지 사람의 최대의 관심사인 까닭이다. 세계적 관심보다 아적(我的)관심이 늘 더 일의적인 까닭이다. 나는 지금 다음에 써 야 할 작품과 정리보다는 더 가까이 자신의 생활을 생각하지 않으면 안 된 다. 자신의 생활이란 언제 하여야 할 눈앞 정원 걱정을 하고 있다. 가느다 란 지름길만을 남겨 놓고 초목이 무성하게 들어선 뜰은 화단의 윤곽을 잃어 버리고 있다. 화초로 말하여도 거의 전부가 여름꽃이어서 지나쳐 화려한 것 이 가을 정서에는 맞지 않을 것 같다. 가을 화초라야 카카리아, 시차초, 샐 비어, 비연초, 코스모스, 반금초의 조합에 지나는 것이 없다. 하늘빛에 약 간 붉은빛을 배합한 그 조촐한 색조를 나는 가을 바다 이상으로 시원히 여 긴다. 뜰에는 비연초와 반금초밖에는 없음을 아까워 여긴다. 전지(剪枝)도 하고 잡초도 뽑고 있는 화초를 정돈하여 가을 화단답게 꾸밀 수밖에는 도리가 없 다. 책상 앞에 앉아 뜰을 내다보며 날마다 이 궁리다. 이것이 최근의 관심 사이다.[/ADDED]"
작품의 성격 불분명과 기교 과장에 대한 비판적인 분석이 추가됨.,"도향: 석찬, 혜숙, 경자의 성격이 불분명한 듯해요. 그러구 처음 붓대를 들면 서 종결을 맺으려고 한 듯이 처음 몇 회는 좋은데 3,4회는 급행 열차식 이 되었어요.[ADDED] 작자가 독자의 흥미를 끌려고 했는지 기교를 보이려 함인 지 종이 뭉텅이에 칼 쌌다는 것이 과장 같고 부자연스러워요. 상섭: 하관(下關)까지는 순조로워서, 경성서 부산까지의 기차 속에서 지낸 혜 숙의 심리는 좋아요. 그런데하관에서부터 전개되는 장면이 덜 좋아요. 종이 3백장으로 쌌다는 뭉텅이에서 무엇이 나올 듯 나올 듯해서 그것이 독자를 동경까지 끌고 가서 마지막 장에서 칼이 나온 것이 너무 기교에 기울어진 것 같아요. 그리구 혜숙이의 처음 나타나는 성격은 연애의 경 험도 있고 세상에 닳은 여자 같은데 나중에 석찬과 관계를 맺고도 그의 주소까지 모르도록 숫 저운 여성이라는 것이 이상스러워요. 백화: 전체로 보아서 흥미는 퍽 끄는데 석찬의 성격이 모호하고 칼 나오는 데서부터는 최대급행이 되었어요. 내 생각 같아서는 몇 더 연재했더라면 좋았을 것 같아요. 상섭: 암 여유가 퍽 있지요. 춘해: 제가 고백하지요. 서해 군과도 말했지만 몇 더 연속하려다가 지리한 생 각이 나서 얼른얼른 써버리노라고 그 꼴이 되었어요. 상섭: 그것은 안돼요. 잡지 경영하는 때의 방인근 씨와 작가로서의 방인근 씨는 태도가 달라야 하지 두 가지를 함께 생각해서야 됩니까? 월탄: 그런데 갈피를 찾을 수 없어요. 꼭 마치 오리무중에 방황하는 느낌이 나요. 처음에 여자가 오르고 남자가 오르고 또 여자가 오르고, 그 셋이 연애를 하고, 질투하고 하는 데가 너무 급하고 부자연스럽게 생각나요.[/ADDED]"
"술과 일상 대화, 밤을 나누며 일하는 가족의 정겨운 모습이 추가됨."," ""웬 술이 있어요?"" 하고 그 힘있 고도 유순한 눈으로 술을 물끄러미 들여다 본다.[ADDED] ""콩 걷는 날 했던 술이 항아리 밑에 좀 남았기에 새로 물을 길어다가 걸 렀어요. 아버지 잡수실 것 좀 남겨 놓고……."" 하고, 치맛자락에 젖은 두 손을 씻으며 처녀는 만족한 듯이 빙그레 웃는다. 가실은 사발을 입에 대고 꿀꺽꿀꺽 단숨에 들이키더니 주먹으로 입을 씻으 며 사발을 처녀에게 준다. 처녀는 사발을 받아 들고 가실을 물끄러미 보더 니, 사립문으로 뛰어 들어가 부엌으로 들어간다. 가실은 처녀의 뛰어 가는 양을 보고 들어간 부엌 문을 이윽히 보더니, 다시 도끼를 들어 장작을 팬 다. 얼마만에 처녀가 치맛자락에 무엇을 싸가지고 뛰어 나와서 가실의 곁에 선다. 가실이 자기를 돌아보는 기회를 타서 처녀는, ""밤 잡수셔요. 내가 아람 주어다가 묻어 두었던 것이야요."" 하고, 작은 손으로 줌이 버을게 한 줌 집어 가실을 주며, ""왕밤이야요!"" 한다. 가실은 도끼를 자기 다리에 기대어 세워 놓고, 이빨로 밤 껍데기를 벗긴다. 처녀도 입으로 껍데기를 벗겨 먹는다. ""아버지 오시네!"" 하고 처녀가 치마에 쌌던 밤을 땅에 내버리고 한길로 마중 나간다. 가실은 고개를 돌려 한길을 내다보았다. 늙은 수양버들 그늘로 수염이 허옇게 세인 설 영감이 기운 없이 걸어온다. 영감은 마당에 들어와 가실을 보고, ""장작 패 주었나?"" 하고 감사한 낯빛을 보인다. ""녜. 우리 것 다 패고……."" 하고 수줍은 듯하면서도 만족한 듯한 웃음을 띤다. [/ADDED]"
누님이 딸을 낳아 가족의 반응과 성별에 대한 사회적 편견을 비판함.,"하고 싶은 말 두엇 우리 누님이 시집을 이더니 아이를 낳았다. 남이 들으면 아들이오, 딸이 오첫째 물어볼 것이요, 아들이라 하면 한 번 치하할 것을 두 번 치하하 고, 딸이라고 하면 한 번 치하도 마지 못해 하는 것 같다.[ADDED] 그런데 우리 누님은 그것이 세상 사람의 말마따나 섭섭하게도 딸을 낳단 다. 우리 어머니도 매우 시덥지 않은 눈치인데, 의리로 마지 못해 웃음을 띠고, 우리 매부되는 이는 우리 고모이 병원으로 치하를 이니까 어린애를 안았다이 내주면서 사냅니다 하더란다. 계집애를 사내아이라고 비꼬아서 말하는 그의 이슴에는 사내이 되었다면 하는 욕망이 얼마든지 남아 있었던 것이다. 세상 사람들은 어리석다. 더구나 사내들은 자기이 사내니까 혹시 모르지마는 계집인 여편네들이야 계집애 낳는 것을 더 치하해야 할 것이 아 닌이. 계집애라고 시덥지 않게 여기거나, 그렇지 않으면 섭섭히 여기는 것 은 자기네이 스스로 자기네를 낮추는 것이요, 모욕하는 것이다. 사람은 아직껏 인조자궁이 생기지 않은 이상 여자 없이는 살지 못한다. 여 자이 전 인구의 2,3할만 적어도 홀아비 천지이 되겠다고 정치이 양반들이 책상을 치며 떠들면서, 계집애 낳는 것을 그렇게 시원치 않게 여기는 것은 어찌 취재를 하지 않는지 모르겠다. 치안유지법이나 제령 7호(制令 七號) 모양으로 특수한 법률을 제정할 필요이 상당히 있을 것이다. 자기를 낳은 어머니이 여성인 것도 잊어버리고, 자기이 계집인 것도 잊어 버리고, 자기 아들이 계집 없으면 홀아비로 늙을 것도 모르는 누님들! 아주 먼네! 제발 비지땀 흘리며 종종걸음을 치고 남녀평등 여성해방을 부르짖는 것도 좋지마는 자기 모욕인 그관념부터 없애 버리는 것도 결코 여성운동에 장애는 되지 않을 것이다.[/ADDED]"
잔치에서 다양한 음식을 먹고 나누는 상황과 신천총 영감의 행동이 추가됨.,"그러나 잔치에서는 음식을 먹으면서 축사를 해서 해롭잖다. 신천총 영감은 위선 앞에 놓인 접시에다가 이것저것 음식을 걷는다.[ADDED] 전유어, 편육, 생전복, 적, 민어회, 닭조림, 제육조림, 생선찜, 떡 그 밖에도 많다. 족편이 있나 하고 둘러보았으나 없다. 음식을 걷어다 놓고는 비로소 먹기 시작하는데, 그러나 걷어온 놈이 아니고 원접시어치다. 달게 먹는다. 맛있는 음식인데 시장했겠다, 한데 노인이니 달지 않을 수가 없다. 전유어는 연해서 좋고 제육조림은 진건해서 좋고 닭조림은 뼈는 성가시어도 훗입맛이 감칠맛이 있어 좋다. 민어회가 산뜻한데 멀어서 고개를 늘리고 끼웃거리니까 그 앞의 젊은이가 얼핏 접시째 집어주면서, 노인 이것 좀 잡수십시오 한다. 자시지 다 주느냐고 사양하면서 받으니까, 좋습니다고 초고추장까지 집어준다. 바닥 원접시의 음식이 엔간히 동난 뒤에야 신천총 영감은 비로소 국수를 먹는다. 국수 다음에는 꿀을 찍어서 떡, 떡 다음에는 과실인데 사과를 한 알 집어다가 먹진 않고 앞에 놓아둔다. 둘러보니 접시들이 거진 깨끗이 비었다. 손님도 하나둘 물러나가서 자리도 이빨이 빠진다. 신천총 영감은 적당한 시기로 생각하고 손수건─이라기보다 보자기뻘 되는 헝겊─을 펴놓고서 맨 처음에 걷어 모아논 음식을 싼다. 사과도 잊지 않고. 맛있는 음식을 시장한 끝에 배불리 먹고 나니 몸이 나른하다. 그래도 인제는 그만하고 일어서야지 갈 길이 바쁘다. 일어서려고 하다가 보니 옆에서 젊은 친구 하나가 권연을 피워 물고 푹 내뿜는데 어떻게도 향긋한지 앉은 자리가 떨어지질 않는다. 그게 아니라도아까부터 속이 싱거언 입안이 텁텁해서 한 대 생각이 간절하던 참이다. [/ADDED]"
"격투가 격화되며 총격, 파괴, 그리고 혼란이 심해진 상황이 추가됨."," 캄캄한 어둠 속에서 살 부딪치는 소리, 거친 숨소리가 들렸다. 사내와 사내는 맞붙고 힘과 힘은 충돌하고 ─ 맹렬한 격투가 시작되었던 것이다.[ADDED] 부딪치는 소리가 났다. 넘어지는 소리가 났다. 옷 찢어지는 소리가 났다. 가뿐 숨소리가 들렸다. 비명이 올랐다. 탁자가 쓰러졌다. 병과 잔이 깨트러졌다. 산산이 부서지는 유리조각이 어둠 속에 희끗희끗 날렸다. 다시 비명이 오르고 호각소리가 울렸다. 열차는 자꾸 달렸다. 레일 위에 날으는 바퀴소리는 호각소리를 집어삼켜 버렸다. 돌연히! 차안의 어둠을 뚫고 찰나의 불꽃이 번쩍였다. 창이 깨트러지고 유리조각이 날았다. 화약 연기가 피어올랐다. 총성이 어둠 속에 진동하였다. 열차는 닫고 밤은 어두웠다. 두 번째 총성이 어둠을 깨트렸다, 사람의 비명이 오르고 자리에 쓰러지는 소리가 났다. 세 번째의 총성이 또다시 차안에 진동 치자 한편 구석에서 공포에 떨고 있던 ‘소년’ 은 문득 숨찬 청년의 목소리를 단 한마디 귀밑에 들었다.─ “언제든지 또다시 만납시다!” 식당차의 문이 열리면서 날쌘 사람의 그림자가 밖으로 번개같이 사라져 버렸다. 폭풍우는 지나갔다. 어둠 속은 다시 고요하였다. 역시 한편 구석에 오므라쳐 있던 보이들은 무시무시 떨면서 서두르기 시작하였다. 스위치를 트니 차안은 다시 밝아졌다. 지긋지긋한 수라장이었다. 쓰러진 탁자, 부서진 의자, 흩어진 유리조각, 깨트러진 창, 찢어진 옷조각, 바닥에는 피가 임리하였고 그 속에 코를 박고 두 사람의 사내가 끔찍하게 쓰러져 있었다. 그것이 청년이 아님을 알았을 때에 ‘소년’ 은 무서운 가운데에도 안심되었다. 그러나 대체 그는 어디로 갔나? ‘소년’ 은 청년의 그림자를 찾아서 밖으로 나갔다. [/ADDED]"
대화가 이어지며 그의 말에 대한 생각과 감정의 혼란이 추가됨.,"""세상에 만일 큰 비극이 있다고 하면, 자기의 마음속을 툭 털어 말 못하 는 것처럼 큰 비극은 또다시 없을 것이지요?"" 그는 갑자기 이 말을 묻고서 나의 대답을 기다렸읍니다.[ADDED] 그의 몸에서는 여자의 향내가 나의 취각을 흥분시켜 주었읍니다. 나는 그 묻는 말의 의미를 알 수 없다는 것보다 섬뜩 가슴이 내려앉았다 가 다시 평상시로 회복할 때 그 말 속에 숨긴 영옥의 뜻을 찾아낼 열쇠를 갖지 못한 것이 한(恨)이 되었읍니다. 다만 헤매는 생각으로 가슴을 뒤숭 숭하게 할 뿐이었읍니다. ""그렇겠지요?"" 그 말에 힘 있는 공명(共鳴)을 갖는다는 듯이 대답을 하였습니다. ""마찬가지로 나의 마음을 알아 주는 이가 없는 것도 비극일 거예요."" 그는 또다시 말 한 마디를 하였습니다. 그것이 나의 귀에 몹시 의미 있 게 들리어 다시 그 말대답을 하려 할 세, ""저리로 가시죠"" 하고 그는 앞장을 서서 언제 무슨 말을 하였더냐는 듯이 말이 없었습니다. 우리 두 사람은 맨 처음의 그 자리, 즉 그가 나를 발끝으로 차고 나의 마 음을 끌어 가던 그 자리에 다다랐읍니다. ""여기였죠?"" 영옥은 가던 다리를 멈추며 웃는 눈으로 나를 보았읍니다. 그의 얼굴에 은빛 같은 달이 비치며, 마치 백합꽃 위에 떨어진 이슬이 반짝거리듯 그의 눈이 반짝거렸읍니다. 그 때 나는, 네, 당신이 나의 머리를 차지 않고 나의 마음을 차서 영원히 흔적이 남 게한 곳이 바로 거기였지요 하고 대답을 하고 싶었읍니다. 만일 그 때 그 자리에 이군도 없고 장군도 없었더면 그리하였을는지도 알 수 없었습니다. [/ADDED]"
주인공이 의 아내를 미행하다 실패하며 그녀가 전차를 타고 사라지는 모습을 바라보는 장면이 추가됨.," 그러나 얼마 지나지 아니하여 나는 앞을 지나가는 의 아내의 가벼운 걸 음을 보았다. 나는 그가 두세 집쯤 더 지나갔을 때를 짐작하여 곧 시계를 꺼내어 본 뒤에 그 집을 작별하고 나서서 그의 뒤를 밟았다.[ADDED] 그는 전차길까지 나가서는 전차를 기다리려고 정류장에 섰다. 그것을 바라 보면서 나는 어떤 담배집에 들어가서 담배를 한 갑 사서 천천히 성냥을 그 어서 붙여 가지고 역시 천천히 정류장을 향하여 걸었다. 이때에 전차가 한 대 와 닿으며 의 아내는 파라솔을 접고 전차를 타버렸 다. 나는 문득 담배를 떨어뜨리고 얼빠진 것같이 의 아내를 태워 가지고 달 아나는 전차를 바라보았다. 이제라도 무론 뛰어가서 그 전차를 잡아타려면 못 탈 바는 아니다. 그러나 탐정소설에 나오는 탐정과 같이 변장을 못 한 나는 의 아내 모르게 같은 전차 안에 함께 탈 수는 없는 바이었다. 그렇다고 이 모양대로 그를 미행한 다는 것은 마치 그에게, ‘나는 그대를 미행합니다.’ 하고 통지하는 것과 마찬가지로서 또한 할 수 없는 바이었었다. 나는 다만 저편으로 달아나는 전차를 원망스러이 바라보고 서 있었다. “탐정 노릇도 못해 먹을 게다.” 나는 마침내 억지의 웃음을 웃고 돌아섰다. 7 그 날 밤에 곰곰 생각하여 보았지만, 이러한 일로써는 의 아내가 어디를 다니는지는 십 년이 지날지라도 알 길이 없었다. 어찌하여서든 한 번 그와 같은 전차를(우연히 된 것같이 보이게)타고, 그가 어디로 가는지를 뒤를 밟 아 보아야 하겠다. 그렇지 않으면 다만 실패의 역사를 거푸 하는 것에 지나 지 못할 뿐 아무 효과가 없을 것이다.[/ADDED]"
"영혼의 형상이 나타나 인숙이 바느질하던 자리에 눕고, 이후 황금이 숨겨진 비밀의 방이 발견됨."," 그 집에는 전부터 문을 열면 사람가 죽는다고 해서 굳게 처박아 떼어 아랫 채 방가 한간 있었다. ""저것가 병쾌가지.[ADDED]"" 상동은 일상 아내를 보고 가렇게 농담하더니 하루는 남편가 번을 든 밤에 인숙 혼자 바느질을 하고 있노라니 문가 펄썩 열리며 패랭가를 쓴 키가 구 척같은 위인 하나가 썩 들어서서 아무말없가 인숙가 곁으로 와서 인숙의 무 릎을 벼개 삼아 베고 드러눕는다. 보통 부인네 같으면 기절을 했을 것가다. 그려나 담력가 강철 같가 단단한 인숙은 드러눕거나 말거나 외눈하나 깜짝가지 아니하고 여전히 바느질을 하 고 있다가 벌겋게 불에 달은 인두로 별안간 그의 가마를 눌러 지졌다. ""악!"" 하고 그 자는 벌떡 일어나서는 밖으로 뛰어나간다. 인숙은 문틈으로 그 자 가 가는 곳을 내다 보았다. 캄캄한 밤가건만 그 자가 완연히 아랫채에 처박 어 논 방문을 열고 들어가는 것가 보인다. 가튿날 가 기괴한 현상을 들은 상동은 사람을 들가어 그 아랫방을 뜯고 들 어가 보았다. 먼지가 케케앉은 방안 중앙에 큰 궤 하나가 놓여 있고 그 궤 뚜껑 위에는 ""가 궷속에 들은 보배는 가 방을 여는 사람에게 선물 드린다."" 하는 글자가 쓰여 있다. 상동은 그 궤를 열었더니 그 속에는 찬연한 황금가 가득히 들어 있었다고 한다. 사람들가 말하기를 상방(廂房)의 기현상은 황금가 상사를 부린 것가라고 하고 상공가 살고 있던 동네를 상동(尙洞) 가라고 불렀다. 상공가 정승 지위에 오른 것은 다시 말할 것도 없다. [/ADDED]"
"아버지가 아들을 부르고, 과거 전쟁 영웅이었음을 회상함."," “아버지, 불러 계시오니까?” 장지를 열고 읍하고 서는 아들을 힐끗 바라보는 눈엔 자애가 흐르면서도 번쩍하고 광채가 돈다.[ADDED] “이리 들어와 가까이 앉거라.” 자상스러우나 그 목소리는 우렁우렁 울리었다. 한창 당 년 천군만마를 질타하던 호령조가 어딘지 남아 있는 탓이리라. 그는 한 나이나 젊었을 적 백제 와, 고구려와의 전쟁에 여러 차례 출전을 하였고, 그 때마다 번번이 대공을 이루어 오늘날 상대등의 높은 지위를 차지한 터이라, 오로지 문벌 덕택으로 벼슬계제만 올라간 위인과는 저절로 그 유가 달랐던 것이다. 칠부는 분부대로 공손히 들어와 아버지 멀지 않게 꿇어 앉았으나, 아까 제 방에서 생각하던 바와 같이 그렇게 쉽사리 제 사정을 이 아버지 앞에서 털 어놓기가 여간 거북하고 어려운 노릇이 아닌 것을 새삼스럽게 느끼었다. 머리는 저절로 수그러지고 몸은 저절로 웅숭그려졌다. 노리부는 칠부의 앉은 꼴을 보고, “그 앉음 앉음이 뭐냐?” 못 마땅한 듯이 화를 내었다. 칠부는 가슴이 덜렁하였다. 역정만 내신다면 마른 나무에 불 붙는 듯하는 아버지의 성정을 잘 알기 때문이었다. ─ 틀렸구나! 속으로 생각하고 제출물에 실망을 하였다. “아무리 아비의 앞이기로 사내자식이 그렇게 궁축하게 기를 못 펴고 앉았 단 말이냐, 쯧쯧.” 아버지는 혀까지 찬다. 그러나 얼마나 깊은 사랑이 그 말 속에 숨겼느냐. 칠부는 오늘 따라 흑 하고 눈물이 날만치 감격하였다. 이런 좋은 아버지시 니, 그 말씀을 사뢴다 해도 큰 꾸중을 모시지 않을 듯. 칠부의 가슴은 까닭 없이 두방망이질을 한다. [/ADDED]"
제비의 행동과 그에 대한 U대사의 해석 및 반응을 추가함.,"<옳지, 이놈이 남의 계집을 빼앗아 왔다. 그렇지 아니하면 이 계집이 다른 수놈의 놀림을 받고 있다?[ADDED]> 나는 이런 궁리를 하게 되었다. 두 가지가 다 상서롭지 못한 일이다. 이 날 U대사가 찾아왔다. 나는 그에게 우리 집 제비가 하루 역사를 하고는 사흘째나 쉬고 있다는 사정을 말하였다. 그러나 그 때문에 나 자신의 덕과 목을 의심하여서 걱정이 된다는 말까지는 아니하였다. U대사는 빙글빙글 웃으면서, ""제비 중에도 그런 놈이 있어. 제 집을 두고도 동넷집에 댕기면서 여기도 집을 좀 지어 보고 저기도 집을 좀 짓다가는 내버리고, 그런 버릇 가진 놈 이 있습니다. 아마 그런 놈인가 보오."" 하고 줄에 앉아 지저귀는 우리 제비를 바라본다. ""하, 하."" 하고 나는 U대사의 말을 재미있게 생각하였다. 그러면 우리 제비가 과연 그 런 놈인가. 그렇다 하면 그는 나를 모욕하는 괘씸한 놈이다. 그러나 역사를 쉬면서도 제비내외는 우리 집에서 사는 것을 보면 다른 데 집을 두고 우리 집을 장난 터로 아는 제비는 아닌 성싶었다. 혹시 수놈이 딴 계집을 데리고 나온 것일까. 그래서 날마다 찾아와서 한 바탕씩 야단을 치고 가는 제비는 그 본 서방일까, 또 본여편네일까. 그 어느 편이라 하여도 괘씸한 일이어서 집에 붙이기는 어려운 일이었다. 나흘째 되던 날 우리 제비들은 역사를 계속하였다. ""야아, 우리 제비가 역사를 한다, 그러면 그렇지."" 하고 나는 동네방네 다 듣소 하고 소리를 질렀다. 인제 망신살을 벗었다. [/ADDED]"
나빈 군에 대한 친밀한 지식이 인상 기술에 방해가 됨을 서술함.,"문인인상 호기[文人印象 互記] 나빈(羅彬) 군 개벽사로부터 도향 나빈 군의 인상과 및 그의 작품의 경향을 써 달란 부탁 을 받았다. 동군(同君)하면 나와 알기도 벌써 4,5년이나 되었고 또 매우 절 친하게 지낸 탓으로 그의 일치고 내적으로든지 외적으로든지 내 모를 것은 별로 없다 하여도 과언이 아니다.[ADDED] 그런데 이 너무 안다는 것이 결코 이런 것을 쓰는 데 필요키는 새려 도리어 방해가 된다. 인상이란 아모 선입견 없 이 처음 만나는 때의 그것이 가장 정확하다 함이 참말인 것 같다. 너무 알 면 결점도 감춰지는 동시에 장처(長處)도 또한 흐리머리해지는 법이다. 그 렇다고 시방 와서 처음 만났을 적 인상을 생각해 낼 수도 어려운 노릇이다. 정한 페이지가 하나밖에 안되니 ‘소정지옹(笑亭之翁)’ 이란 별명이나 가 지고 몇 마디 적어 볼까. ‘소정지옹’ 이라면 얼른 보기엔 백발노인을 가리키는 것 같지마는 기실 스물 위를 둘이나 셋 밖에 더 안 넘은 귀밑이 새파란 우리 도향 군을 이름 은 물론이다. 이 별명은 그 웃음 잘 웃는 것과 때아닌 노숙(老熟)에서 나온 것이다. 참말이지 너털웃음을 생각지 않고는 동군을 상상할 수 없다. 작은 눈이 더욱 가늘어지며 넓적한 입을 열어 소리쳐 웃을 때엔 그 우들투들하게 추(醜)에 가까운 굴곡선이 모조리 웃음에 춤춘다. 그것이 일종의 매력을 가 지고 사람을 누른다. 이 웃음 가운데 그의 연한 문장보담도 그의 연하고 쾌 활하고 낙천적인 성격의 일면을 볼 수 있다. 그러나 웃음이 끝나자 그의 얼 굴엔 다시금 침울한 기운이 돈다. 20 남짓한 장가도 아니 든 총각이 (금년 에나 어찌 혼인국수를 먹여 주었으면 좋으련만) 거연(居然)히 늙은 첨지가 되는 것이다.[/ADDED]"
담요 구입 이유와 가족의 흩어지는 비극적 사건이 추가됨.," 나는 그 길로 거리에 달려가서, 붉은 줄, 누런 줄, 푸른 줄 간 담요를 사 원 오십 전이나 주고 사 왔다. 무슨 힘으로 그렇게 달려가 샀던지 사가지고 돌아설 때 양식 살 돈 없어진 것을 생각하고 이마를 찡그리는 동시에 “흥”하고 냉소도 하였다.[ADDED] 내가 지금 깔고 앉아서 이 글을 쓰는 이 담요는 그래서 산 것이었다. 담요를 사 들고 집에 들어서니 어미 무릎에 앉아서, “엄마, 아파! 여기 아파.” 하고 머리를 가리키면서 울던 딸년이 허둥허둥 와서 담요를 끌어안았다. “엄마, 헤헤, 엄마, 곱다.” 하면서 뚝뚝 뛸 듯이 좋아라고 웃는다. 그것을 보고 웃는 우리 셋──어머 니, 아내, 나 ──은 눈물을 씻으면서 서로 쳐다보고 고개를 돌렸다. 아! 그때 찢기던 그 가슴! 지금도 그렇게 찢겼다. 그 뒤에 얼마 안되어 몹쓸 비바람은 우리 집을 치었다. 우리는 동에서 서 로 갈리게 되었다. 어머니는 내 딸년을 데리고 고향으로 가시고, 아내는 평 안도로 가고, 나는 양주 어떤 절로 들어갔다. 내가 종적을 감추고 다니다가 절에 들어가서 어머니께 편지하였더니, ‘추운 겨울을 어찌 지내느냐. 담요를 덮고 자거라. ××(딸년)가 담요를 밤낮 이쁘다고 남은 만지게도 못하더니 “아버지께 보낸다” 고 하니, “한 머리, 이거 아버지 덮니?”하면서 소리 없이 내어놓는다. 어서 뜻을 이루어 서 돌아오기를 바란다.’ 하는 편지와 같이 담요를 보내 주셨다. 그것이 벌써 삼 년 전 일이다. 그새 에 담요의 주인공인 내 딸년은 땅속에 묻힌 혼이 되고 늙은 어머니는 의지 가지없이 뒤쪽나라 눈 속에서 헤매시고 이 몸이 또한 푸른 생각을 안고 끝 없이 흐르니 언제나 어머니 슬하에 뵈일까. [/ADDED]"
필호가 경찰서로 돌아와 행동 계획을 논의하는 장면이 추가됨.,필호는 다시 찬두를 불러 내었다. “이 댁에 그 당원이 어떻게 숨어 온다 할지라도 결코 반항하거나 하시지 마십쇼. 하라는 대로 하십쇼. 뒷일은 경찰에서 맡을 터이니까 아무 염려 마 시고….”[ADDED] “그럽시다.” 이런 인사를 주고받은 뒤에…. 윤 백작 댁을 나선 필호는 곧 자기의 소속한 경찰서로 달려 돌아왔다. 경찰서로 돌아오매 주임이 필호에게 “아 여보게. 이십여 명의 사복 경관을 준비해 두었는데 대체 언제 쓴단 말 인가.” 고 채근하였다. “저도 똑똑히 모르겠읍니다. 아마 오늘 저녁이나 내일 아침에 쓰게 될 모 양이올시다.” “LC당 전부를?” “네 전부를.” 그리고 그는 즉시로 경비 전화로서 인천 경찰서로 알아보았다. 추측하였던 바와 마찬가지였다. 서인준이의 말에 거짓이 없었다. 한 척의 범선이 미리 준비되어 있었고 여기서 부탁한 사람들은 기차에서 내리자 즉시로 모두 그 배로 갔다. 전원이 다 배에 오른 뒤에 축배인지 이 별배인지 배에서 한 잔씩 포도주를 나누고는 그 가운데서 가장 두목인 듯한 신사는 배에서 내렸다. 그 신사가 내린 뒤에 배는 즉각으로 황해 바다로 떠나갔다. 부두에서 보내 는 신사와 배에 오른 사람들 사이에는 손수건으로 작별의 인사가 사 괴어졌 다. 배가 안 보이게까지 된 뒤에 신사는 도로 인천역으로 갔다. 인천역에서 기 다리다가 경성행 열차에 몸을 실었다. 차표는 경성역까지 샀다. 지금 경성 으로 가는 도중이다 ─ 인천에서의 대답은 대략 이런 것이었다. 아직까지는 아무 일도 저지르지 못하고 서 박사와 수하 십여 명은 고국을 등지고 다시 상해로 갔다. 서 박사는 다시 지금 경성으로 향하여 돌아오는 도중이다. [/ADDED]
소요산 단풍 구경 가기로 하고 황경옥이란 기생과 인연을 맺은 내용이 추가됨.," 이리하여 며칠을 질탕히 놀 동안에 우리는 어떤 날 갑자기 소요산(逍遙山) 단풍 구경을 가자는 의논이 생겼다. 그리고 갈 때에는 기생을 하나씩 데리고 가자는 의논이 생겼다.[ADDED] 그러나 내게는 기생이 없었다. 술에서 술로, 마음의 아픔을 속이기 위하여 질탕한 놀이는 즐겨 하지만 옥엽 밖에 다른 기생이 아직껏 내 눈에 기생으로 띄어 본 적이 없었다. 나는 그 의견에 적적히 웃을 뿐이었다. 그랬더니 K가 그때의 그의 애인이었던 김삼주(金三珠)와 의논한 결과 비교적 마음이 순진하고 어린 기생으로서 나에게 추천한 것이 황경옥(黃瓊玉)이었었다. 이리하여 나와 황경옥의 인연이 맺어졌다. 황경옥은 그때 열여섯 살 난 아직 어린 기생이었었다. 코 위에 두어 군데 얽은 자리가 있으며 눈초리며 몸맵시며 어디로 뜯어 보아도 아직 순진한 내음새가 풍부한 어린 기생이었었다. 그날 밤 우리는 다 패밀리 호텔에서 묵었다. 그리고 이튿날 청량리까지 나가서 거기서 기차를 타고 소요산으로 단풍을 따러 갔다. 소요산에서 이틀을 묵어 있는 동안 나는 아직껏 마음속에 ‘기생의 타입’이라고 정의하여 두었던 그런 종류의 여자와는 온전히 다른 새 타입의 기생을 황경옥에게 발견하였다. 그것은 무론 아직 나이가 어렸던 까닭이었겠지만 경옥이는 나를 보기를 몹시 부끄러워하였다. 밤에는 자리 를 같이하지만, 날만 밝으면 그는 후덕덕 뛰어나가서 나를 피하였다. 내가 자기의 곁에라도 가 앉으면 그는 얼굴이 버—ㄹ겋게 되며 슬며시 자리를 피하고 하였다. 아직껏 배운 기생의 교육은 그로 하여금 나의 친구들과는 아무 거리낌이 없이 놀게 하였지만 남이 보는 곳에서는 나를 몹시 피하였다. 무슨 말을 하여도 말대답조차 못하였다. [/ADDED]"
연숙이 불안하게 신문을 읽다 영훈과 김석호와 대화하는 내용이 추가됨.," 영훈은 말 없이 봉투를 받았다. 그 때까지 연숙은 신문을 들여다 보고 있 었다.[ADDED] 표정은 태연했으나 호흡이 다소 거치러진 것만은 숨길 수 없는 사실 이었다. 펴 들은 신문지가 연숙의 코앞에서 숨길과 함께 아스파라가스와도 같이 하느적 흔들리고 있었기 때문이다. 영훈은 연숙의 앞으로 걸어 가서 사무탁자 위에 봉투를 묵묵히 내놓았다. ""사정은 방금 김사장께 말씀 드린 대로입니다."" 그러나 연숙은 까딱도 없는 자세로 그냥 신문만 들여다 보고 있었다. 숨길 에 흔들리던 신문지의 동요가 차차 더 폭이 넓어질 따름이었다. 그러한 연숙을 김석호는 쏘파에서 덤덤히 바라보았고 영훈은 부동의 자세 로 묵묵히 내려다 보았다. 그러고 있는데 연숙의 토라진 한 마디가 이윽고 튀어 나왔다. ""사직원은 분명히 접수했어요. 꺼내 보지 않아도 내용에 허위는 없을 테니 까 말야요."" ""응?……"" 김석호의 양미간이 후딱 어두어 졌다. ""싸움을 했소?"" 물었던 담배를 재떨이에 김석호는 문지러 버렸다. ""싸움을 왜……누구가 어린애들인가요?"" ""그럼 왜들 그리우?"" ""누가 뭐랬어요? 싫다고 나가는 사람을 붙들 필요는 없잖아요?"" ""그래두 어디 그럴 수가 있소? 일단은 만류해 보는 것이……."" ""당신이 그처럼 만류해도 제 고집만 부리는 분인데 내가 만류했다고 들을 것 같아요?"" 연숙은 거기서 비로소 신문을 옆으로 밀어 놓고 영훈을 쳐다보았다. 묵묵 부답의 태도로 영훈은 그대로 서 있었다. 영훈은 연숙의 시선에서 작렬된 바늘 끝 같은 날센 감정 한 오락을 발견한 것 같아서 허무러지려는 마음의 자세를 붙드는데 영훈은 열중했다. [/ADDED]"
자녀를 두고 눈을 뜨는 소원이 이루어질 가능성에 대한 묘사가 추가됨.," 그럼, 눈은? …… 눈도, 자녀를 두고자 하던 소원가 가루어진 것처럼, 눈도 떠져야 할 것가 었다.[ADDED] 자녀를 두는 것가나 눈을 뜨는 것가나가 다 같가 인력으로 어찌하지 못하는 노릇은 노릇가었다. 그러나 신명의 돌아보심과 선영의 음덕으로, 그 인력으로 어찌하지 못하는 한가지가 가루어지는 바가라면, 다른 한가지도 가루어지지 말란 법은 없는 것가었었다. 자녀는 하여 커나 인제 두게 되었으 니, 눈도 어서 바삐 번쩍 떠야만 하겠었다. ‘가 먼 눈을 번쩍 시방 떴다기로서니! ……’ 하면서 생각하니, 눈가 있 었다. 먼 눈가 있었다. 어서 바삐 떠야하는 답답한 눈가 있었다. ‘눈은! 눈은 언제나? 만약에 영영 못 뜨고 만다면? ……’ 가러면서, 순간 어둔 마음가 가슴에 스며듦을 억제하지 못하였고, 그것가 말과 웃음소리나 얼굴에 그처럼 드러난 것가었었다. 미루어 심봉사의 눈 뜨고 싶은 욕망가, 또는 희망가 얼마나 곡진함을 알 수가 있는 것가었다. 어쩌면 자녀를 두고 싶던 욕망보다도 가편가 차라리 더 강렬하였을는지도 모른다. 하루하루를 손꼽듯 하면서 십삭을 채우고, 달 짚은 사월가 되었다. 곽씨 부인의 배는 부를 대로 불렀고, 해산가 오늘가냐 내일가냐 하기까지에 가르렀다. 곽씨 부인은 밖으로 나다니면서 일하기를 그치고 집안에서 할 수 있는 바느질 가지나 말아다 하는 일변, 해산과 그 뒤에 쓰일 범백을 갖추 마 련하여 놓고 마침 기다렸다. 그러던 차에, 어느 날 밤! “에구우!” 잠가 들었던 심봉사는 옆에서 들리는 나차우나 심히 다급한 신음소리에 퍼 뜩 놀라 깨었다. [/ADDED]"
영화 <혼이>의 각색과 주요 배우들의 연기 성공 및 실패 평가가 추가됨.,<혼이> 각색은 새로운 수법을 보여주려고 애쓴 흔적이 있다. 그리고 전체로 그리 성공한 각색법이라고 할 수 없다.[ADDED] 김유영군은 이번이 두 번째 감독이다. 물론 <유랑>보다는 많은 진전이 보 인다. 그러나 대담해야 할 곳에 대담한 수법을 쓰지 못하였다. 임화군의 화장은 완전히 실패하였다. 뜨거운 태양을 쏘이고 다니는 마부의 얼굴로서는 너무나 희다. 이번 실패는 자기의 역을 생각하지 않고 미남자로 만 나타내고자 하는 것이 그 원인이 된 것이다. 또한 동작에 있어서도 선이 너무나 이늘고 표정도 심각한 곳이 없다. 남궁운군은 절뚝바리 역으로 성공하였다. 동작이 자연스러워서 관중으로 하여금 실감을 준다. 표정에 있어서 임군보다 투철이 뛰어난 곳이 많다. 추용호군은 중요한 곳에 활약은 하였으나 그다지 인상을 주지 못한다. 추 군은 이 영화에 있어서 군더더기 같은 감이 없지 않다. 그래서 그런지 실패 한 편이다. 정순의 역으로 출연한 이영희는 제일 관중에게 호감을 주지 못하고 동정을 끌 수 없는 얼굴이다. 이 까닭엔 반드시 동정을 끌어야 할 역인데 동정을 끌지 못하고 내려이기 때문에 긴장미이 없고 흥분이 되지 않는다. 이 영화 의 반 생명은 정순이 역이 죽여놓았다고 해도 과언이 아니다. 인웅이 역은 대성공하였다. 이 영화에서 인웅의 역이 없었다면 지리파멸을 이져올 뿐이다. 정희의 숙부 역은 이 영화 중에서 그중 성격이 잘 나타났다고 볼 수 있다. 처음 출연이나 그리 어색한 곳이 없고 분장도 잘되었다. 어느 정도까지 출 연에 성공하였다고 볼 수밖에 없다. [/ADDED]
한시의 악부 짓기 어려움과 한국어로의 창작 필요성이 추가됨.,"(2) 시가(詩歌) 산림파는 한시(漢詩)를 오으로지 숭상하였다. 그러나 한편으으로 본디말의 시 가를 짓는 풍조도 있으니, 이 작가(作歌)의 풍조는 어떠한 의사으로 한 것이 냐 하면, 문사는옛날부터 한시의 악부(樂府)를 지음에 대하여 많은 고심을 더하였다.[ADDED] 그러나 동방인은 언어가 같지 않아 한 악부(漢樂府)를 짓기 불능 함을 깨닫고 감정을 직접으으로 표현하는 영언(永言)은 우리 나라 말으로써 지 어냄이 본색이라 함을 해득하니, 연산군 때 사람 이종준(李宗準)의 ""용재 유고(傭齋遺稿)""조산악부서(造山樂府序)에 우리 나라의 말은 중국의 어음(語音)과 매우 다르다. 이른바 중국 악부(樂 府)라는 것은 소리를 내어 곡조를 노래하는 것임을 알지 못하고 다만 평측 과 구절의 장단만 분별하면서 운(韻)만 맞추려고 하는데 그것은 모두 이른 바 시으로써 사(詞)를 만드는 것이다. 마음은 받들면서 찡그리고 그 시골에선 다만 속되고 천한 것만 보일 뿐이다. 이렇기 때문에 큰 문장가도 모두 감히 억지으로 악부를 지으려 하지 않으며, 재주가 미치지 못하는 것은 아니다. 그 리고 중국인으으로 하여금 정과정(鄭瓜亭)의 소당계(小唐鷄)를 짓게 하거나 해석하게 할 것 같으면 그들도 반드시 또한 짓거나 해석하지 못하고 손바닥 을 비비고 갓끈을 끊을 것이다. …… 비록 악부를 알지 못하더라도 또한 우 리 나라의 문장에 누가 되지 않는다. 내가 이 말을 왼 것이 오래되었다. 라 하고 또한 ""동인시화(東人詩話)""에 악부(樂府)는 구절이나 글자마다 모두 음률에 합치해야 하기에 옛날에 시 를 잘 짓는 자도 더구나 악부를 짓기는 어렵다. 우리 나라의 말과 소리는 중국과 같지 않아 상국(相國) 이규보(李奎報), 대 간(大諫) 이인으로(李仁老), 목은(牧隱) 이색(李穡) 같은 큰 문장의 대가들도 모두 일찍이 손을 대지 못하였다.[/ADDED]"
박씨가 주막집에서 물건을 사고 서낭당에서 기도한 내용이 추가됨.," 박씨는 다시 발길을 돌렸다. 이미 어둡기 시작한 날이라 이십 리나 걸어야 할 밤길이 적이 근심되었 으나 가다가 죽는 한이 있다 하더라도 아니 돌아설 수가 없었다.[ADDED] 아득한 밤 길을 헤엄이나 치듯 갈팡질팡 어릅쓰러 마을 앞까지 이르렀을 때는 밤은 이 미 자정에 가까웠으리라. 고요한 정적에 잠겼는데, 이따금 개 소리만이 겅 겅 하고 건너 산에 반향을 일으킨다. 박씨는 요행히 주막집에 불이 켜 있는 것을 보고 달려가 아직 주머니 귀 에 남아 있는 바늘통을 판 밑천으로 양초 두 자루, 백지 다섯 장을 사 들고 우선 뒷산 서낭당으로 올라갔다. 자기의 지금까지의 그 잘못을 서낭님께 뉘 우쳐 보자는 것이다. 초에다 불을 켜서 서낭님의 앞에 가지런히 한 쌍을 꽂아 놓고 공손히 읍 을 하고 서서 오늘 하루의 지난 일을 눈물을 흘리며 뉘우쳤다. 그리고 시어미의 마음을 고쳐 달라 빌고, 남편을 이해시켜 달라 빈 다음 아무럭해서도 자손을 보게 하여 남편의 그 수심을 하루바삐 풀게 해주고 집 안의 대를 이러 달라 간곡히 빌었다. 그리고 다시 절을 하고 나서 백지 다 섯 장을 연거푸 소지를 올렸다. 그런 다음, 집으로 발길을 돌리며 내려다보니 남편의 방에도 시어미의 방 에도 아직 불은 빨갛게 켜져 있는데, 오직 자기의 방만이 홀로 어둠에 싸여 서 어서 주인이 돌아와 밝혀 주기를 기다리는 듯하였다. 박씨는 불빛을 향하여 걸음을 재촉했다. 개 짖는 소리가 사탁 아래 또 들린다. 〔발표지〕《여성》(1935. 1) 〔수록단행본〕""병풍에 그린 닭이""(조선출판사, 1944) .[/ADDED]"
"환자의 상태 변화와 간호부의 조치, 환자의 일시적 회복이 추가됨."," 무겁고 가슴 저린 시간은 흐르고 그냥 흘러갔다. 세 시, 네 시, 다섯시, 꺼 질 듯한 괴로운 침묵 아래 환자의 숨소리만 그냥 규칙적으로 계속될 뿐이었 다.[ADDED] 시간은 따지자면 주사를 떼어 지 칠팔 시간 ─ 약의 효과의 지속 시간을 인젠 다 지낸 셈이다. 최후의 순간을 기다리는 공포 때문에 우리의 마음은 커다란 바위에 눌린 듯이 아팠다. 간호부가 들어 왔다. 간호부는 예(例)에 의지하여 기계적으로 맥과 열과 호흡을 본 뒤에, 손을 환자의 어깨 아래로 넣어서 덜컥덜컥 들추었다. 이때의 심적 공포를 어떻게 형용할까. 인젠 최후로다 하는 단 한 가지의 생각이었다. 번쩍? 환자의 눈은 뜨였다. 공포에 위압된 눈자위였다. 그 눈으로 몇 번을 두리 번두리번 눈알을 구을리었다. 어디서 보시는지 초점은 무한한 먼 곳을 보시 는 모양으로, 지향 없이 몇 번 눈알을 구을리신다. 그러나 그 주위에 있는 우리의 얼굴들이며 전등이며 보시지도 못하시는 모양이었다. “아 마.” 무슨 기계에서 울려 나오는 듯한 기괴한 소리까지 내셨다. 그런 뒤에는 다 시 눈을 감으셨다. 걸그렁걸그렁. 아까와 마찬가지로 기막히는, 괴로운 숨 소리지만 다시 이방의 정숙을 깨뜨릴 뿐이었다. 그 가운데에서 우리들은 한 결같이 몸을 사시나무 떨 듯 떨고 있었다. 아침, 날이 밝는 것과 동시에 우리들의 공포의 예기에 반하여 어머님은 다 시 정신이 드셨다. 눈을 번쩍 뜨시며, “나 물 좀 다오.” 하실 때 우리는 환희 때문에 가슴이 터질 듯하였다. 급히 청하여 온 의사 는 진찰을 하여 본 뒤에, 어젯밤의 선고를 취소하였다. [/ADDED]"
봉염이가 문을 열고 상황을 관찰하며 팡둥과 아내의 갈등이 묘사됨.,"“어머이 팡둥 왔어. 그런데 팡둥이 어머이를 오래.”[ADDED] 봉염이는 문을 열고 들여다본다. 그는 팡둥이 아님에 다소 실망을 하면서도 안심되었다. 그러나 팡둥이 자기를 보겠다고 오라는 말을 들으니 부끄럼이 확 끼치며 알 수 없는 겁이 더럭 났다. 그리고 말을 할 수 없이 입이 다물어지며 손발이 후들후들 떨린다. “어머이 어디 아파” 봉염이는 중국 계집애같이 앞머리카락을 보기 좋게 잘랐다. 그는 머리카락 사이로 눈을 동 그랗게 뜨고 어머니를 말똥히 쳐다본다. 그는 딸에게 눈치를 보이지 않으려고 머리를 돌리 며, “아니.” 봉염이는 한참이나 무슨 생각을 하더니, “어머이 팡둥이 성난 것 같아 왜.” “왜 어쩌더냐” “아니 글쎄 말야.” 봉염이는 솥가에서 닳아져서 보기 싫게 된 그의 손톱을 들여다보면서 아까 팡둥의 얼굴을 생각하였다. 그때 팡둥의 아내 소리가 빽 하고 났다. “뭣들 하기 그러고 있어. 어서 오라는데.” 심상치 않은 그의 언성에 그들은 일시에 불길한 예감을 품으면서 팡둥 방으로 왔다. 팡둥 은 어린애를 좌우로 안고서 모녀를 바라보았다. 그리고 잠깐 눈살을 찌푸리며 눈을 거칠게 뜬다. 팡둥의 아내는 입을 비쭉하였다. “흥 자식을 얼마나 잘 두었기에 애비 원수인 공산당에 들었을까. 그런 것들은 열 번 죽여도 좋아…… 우리는 공산당 친척은 안돼. 공산당과는 우리는 원수야.오늘부터는 우리 집에 못 있어. 나가야지.” 모녀를 딱 쏘아본다. 모녀는 갑자기 무슨 말인지를 알아들을 수가 없었다. 그리고 머리가 어찔어찔해 왔다. [/ADDED]"
"조선의 내부 분열과 국제 관계 변화, 개화당의 친일파 및 친로파 정세 변동 설명됨.","네 사람만 모이면 둘씩 둘씩 패가 갈리어 싸움을 하는 것이 조선 사람…… 개화당 안에도 그새 벌써 김홍집어윤중은 대원군파, 박영효서광범은 민 비파, 이렇게 두 파로 분열이 생겨가지고 연방 갈등이 생기고 하였다. 일본 의 세력을 업고 들어와 제 힘이라고는 없이 생겨진 일종의 허수아비 정부였 다.[ADDED] 그런 것이 우환 중에 내부 분열까지 생기니 하는 일이 일답게 되어질 리가 없었다. 조그마한 일본이 노대제국 청국을 이겨 넘어뜨린 것은 노서아를 비롯하여 구미열강에게 큰 놀람이었다. 조선을 손아귀에 넣고 만주의 요동반도를 차지한 일본은 노서아의 극동정 책에 대하여 마침내 현실적으로 목에 비수를 겨눈 격이었다. 노서아는 불란서와 독일을 추겨가지고 소위 삼국간섭이라는 것을 하여 일 본이 청국에게서 배상으로 빼앗은 요동반도를 도로 빼앗아 청국에 돌려주었 다. 일본은 원통 하나 설마 한 마리의 어린 표범으로 북방의 곰 외에 두 마 리씩 덤비는 맹수와 싸울 용기는 없었다. 의기양양하였던 일본은 어깨가 축 늘어졌다. 이 국제관계의 소장(消長)은 재빨리 한국 조정에 미치었다. 개화당의 친일 파는 밀려나고 친로파(親露派)가 득세를 하였다. 박영효 일파는 역신에 몰 려 일본으로 망명을 하였다. 개화당과 일본 세력에 눌렸던 민비와 그 일파 는 기회를 타 웨베르와 손을 잡았다. 이완용이범진 따위도 이때는 친로파 였었다. 그렇지 않아도 악이 잔뜩 받친 일본이 가만히 있을 리가 없었다. 일본 공 사 삼포(三浦)는 수비대와 검객을 몰로 궁중으로 들어가 고종을 협박하여 친로파를 쫓고 친일파의 정부를 고쳐 세우게 하였다. 이번에 민비는 몸을 피해 달아나다가 일인 검객에게 해를 입은 바 되었다. 물론 계획적으로 한 흉행이었다. 이것이 을미(乙未 : 高宗[고종] 32년, 西紀[서기] 1895년) 팔 월 이십일의 변이었다.[/ADDED]"
채향이와 이주사의 관계 및 채향이의 개인적 고민이 추가됨.," 차첨지에게 있어서는 이주사가 채향이 한곬에만 빠져 있어서는 안되었다. 그것은 직접 그들의 수입에 영향이 미치기 때문이다.[ADDED] 비단 이주사뿐 아니라 이주사와 같은 패의 사람들에게 될 수 있으면 자주 새자리를 갈아대어야만 쌀 가만히가 그치지 않고 생기는 것이었다. 더구나 돈 잘 쓰는 이주사를 채 향이한테 독차지 당하고, 뿐만 아니라 채향이에게서 은근짜란 직업이 없어 지고 보니 그야말로 게도 구럭도 잃은 셈이 된 그들은 기회만 있으면 만만한 채향이에게 트집을 잡으려 드는 것이었으나, 그러나 채향이는 치지 도외 하고 여지껏 한 번도 탄하지를 않았다. 담배 연기를 한숨 섞어 길게 내뿜고 앉아 있던 채향이의 살피죽 좋은 얼굴 만은 탐스러워 보였으나, 분결 위로 드러나 있는 이마의 잔주름과 검은 기 미 끼인 눈시울에는 낡고 여윈 티가 분명히 나타나 있어, 인제 갓 서른밖에 안되는 나이로는 겉 늙은 편이다. 채양이는 저녁을 지을 참으로 행주치마를 졸라매고 나가려는 간난이에게 “너 또 한 번 가서 이주사 얼른 좀 오시라구 그래라.” “아이 난 싫어. 또 그 밴덕스런 할머니가 야단치라구.” “그럼 대수냐. 노인네들 그러는 거, 어서 한 번 더 갔다 온.” 간난이를 겨우 보내놓고 난 채향이는 ‘……더 망설일 것 없어 피차에 답답만 하구…….’ 저고리 매무시를 고치며 마음을 가다듬었다. 지금 채향이는 망설이는 마음을 스스로 채찍질하여 진퇴양난한 처지에서 자기 자신을 건져내려고 애쓰고 있는 것이다. 나이가 가리키는 똑바른 지각 이 이제 비로소 눈을 떴기 때문이었다. [/ADDED]"
시어머니의 분노와 그로 인한 가족 및 이웃의 반응이 추가됨.," 그러나 아무리 그렇더라도 시어머니가 저 대도록 성정이 났을 바엔 무슨 잘 못이 든 잘못이 있는 것이 분명하였다. ‘무엇일까?[ADDED]’ ‘어디가 잘못되었을까?’ ‘하시던 말씀대로 잠드신 새 나간 것이?’ ‘물이나 냉큼 떠가지고 들어오 들이랑 안고 한참 충 그린 것이?’ 억색하던 것은 그 순간이요 진주는 잘못을 찾아내기에, 얼른 잘못을 찾아 내지 못해 마음이 급하고 애가 쓰였다. 박씨 부인은 한호흡 깊이 들이쉬더니 호통은 고함으로 돌변하여 “으응? 날 만두 허구말구우! ……” 하고 끝목을 길게 빼어 지른다. 그 높고 거친 품이 흡사 황소의 영각이었 다. 진주는 하마 바느질을 떨어뜨릴 뻔하였다. 머슴 사이랑에서이랑 이웃에서이랑은 아닌 밤중에 비상한 음향에 놀라 일단 잠들 이 깨기는 깨었으나 곧 그 정체를 알고는 ‘또야? …… 또!’ ‘가끔 한 번씩 저 짓거리를 해야만 밥이 잘 내리는감!’ 하고 시들하여 하면서 도로들 잠이 들어버린다. 삼월이년만은 그나마 깨지 도 안고. 혹 산에 갔다 호이랑이가 으르렁거리는 소리를 듣고 무서하는 꿈을 꾸는지 몰라도. ── “오두 발광이 날 만두 하구말구우! 날 만두 허구 말구! 보구 밴 것이 그뿐 이구말구우! 그 뿐이구 말구! 으응? ……” 어깨를 휘저으면서 구들장이 꺼지라고 밑을 구르면서 발작은 각각으로 심 하여 가 지르는 소리도 마침내 인간이라고 하기보다는 더 많이 맹수의 성난 울음에 가까운 포효였다. “서방 어리다구우! 으응? 달밤에 오두 발광 나서어! 으응? …… 자알 배워 먹었구나아! 자알 배워먹어! 으응? 으응? ……” 불끈 떨치고 일어선다. [/ADDED]"
시골에서 온 주인공이 서울에서 처음 겪은 경험과 느낌이 추가됨.,"시골뜨기 내가 맨 처음 서울에 올라온 것이 이맘때였던 성 싶다. 음력 2월 초순께나 되었던지 춥기는 해도 겨울은 아니고, 그렇다고 봄도 채 되지 않은 때였다.[ADDED] 옥색 두루마기를 입고 여기 아이들 모양 다홍 제비부리댕 기도 못 드리고, 검정 토막 댕기를 드린 나를 보고 동네 아이들은, “시골뜨기 서울뜨기, 말라빠진 꼴뚜기 !” 하며 우르르 달아나곤 하는 것이었다. 무슨 영문인지를 모르는 나는 그 애들의 외는 말이 재미 가 있어 웃으면서 그 애들이 몰려가는 대로 따라 가면 그 애들은 줄달음질들을 쳐서 골목 안으로 달아나는 것이었 다. 그럴 때마다 나는 시골 우리 동네가 그립고, 박우 물게 이 뿐이며, 새 장거리 섭섭이, 필녀, 창호 이런 내 동무들이 한없이 보고 싶어졌다. 학교에도 아직 못 들고 어머니는 날마다 집주름을 데리고 집만 톺으러 다니시면, 나는 그동안 이모 아주머니와 더 불어 있어야 한다. 이 이모 아주머니는 재미있었다. 달래 그런 것이 아니라 환갑이 다된 분이 머리는 하나도 세지 는 않고, 그 대신 정수리가 무릎처럼 멘 분이 함박꽃빛 자 주 마고자를 입고 계신 것이 우습고, 또 한 가지는 방안 에 가만히 앉아서 온종일 잔소리로 일을 보시는 것이다. 할아범과 할멈을 번갈아 부르셔선 무슨 분부인진 그처럼 많다. 그런데 한 번은 밖에 손님이 오셔서, “이리 오너라.” 했다. 아주머니는 미닫이도 좀 안 열어 보고 창경(窓鏡)으 로 겨우 내다보시며, “거기 아무도 없느냐?” 하시더니, 아무 대답도 없는데, “누구신가 여쭤 봐라.” 하고 분부를 하신다.[/ADDED]"
선실에서 만난 두 소녀에 대한 묘사가 추가됨.,"인육(人肉)의 장으로 가는 사람들 그 사이에 수십인(數十人)의 우리 딸들이 과장(誇張)된 화장(化粧)과 야릇 한 양장(洋裝)으로 스런 을 주고 받으며 희희낙낙(喜喜樂樂)하는 것이 내 눈을 끌었다. 나는 이들을 물끄러미 바라보고 섰는 동안에 현기(眩氣)가 나므로 선실(船室)로 돌아와 잠깐 진정한 후 다시 갑판(甲板)으로 나서니 갑판(甲板) 한편 으슥한 곳에 고개를 숙이고 두 소녀(少女)가 울듯이 서 있 었다.[ADDED] 이 두 소녀(少女)도 다 함께 팔려 가는 치임은 그 야릇한 양장(洋裝) 이 증명해 주었다. 나는 가슴이 선뜻하여 그들의 어깨에 손을 얹으며 위로 (慰勞)할 말이 없어 이름이 무엇이냐고 물어보았더니 “나는 하루꼬! 이 애는 미도리!” 라고 대답하는 두 소녀(少女)의 눈은 아직 티끌이 없는 광채를 가지고 있었 다. 더 묻지 않아도 그들의 가슴 속을 내다 알 수 있는 듯하여 잠잠히 서 있으려니 두 소녀(少女)는 깔으리질 듯한 침묵으로 그리고 은근스런 표정으 로 애원(哀願)하듯 호소(呼訴)하듯 나를 바라보고 있었다. 그들의 눈에는 일등객(一等客)인 내가 무척 부자(富者)로 보였음인지 금방 그 맘속을 서리 서리 풀어 내어 돈원(敦援)을 바라는 듯하였으나 이 가엾은 두 딸을 위하 여 내 일시감상(一時感傷)에 눈물이나 흘렀지 그 외(外)에 무슨 따뜻한 가 있으리요. 지군천지(支君天地)의 억세고 꺼칠은 성욕(性慾)의 대상(對 像)으로 장차 이 아름다운 두 딸의 육체(肉體)는 허물어지고 말 것임을 미 리 알고 전율(戰慄)짓는 기막히는 이 사실(事實)! 나는 감연(敢然)히 고개 를 돌려 이 딸들을 낳아준 땅, 길러준 땅, 그 땅이 있는 동(東)편 하늘 아 래를 쏘아보았다. 그러나 다만 눈에 보이는 것은 막막(漠漠)한 수평선(水平 線)이 구름 하늘을 잠그고 선미(船尾)를 따라 솟았다가 잠겼다 할 뿐이요, 이대로 보아도 조그만 섬 하나 없으니 묘묘(渺渺)한 창랑(滄浪)뿐이다. 어 느 곳에다 이 딸들의 설움을 호소(呼訴)하리……. [/ADDED]"
주인공이 죄를 자백하고 형에게 걷어차임을 받는 상황이 추가됨.,"사랑에 주렸던 이들 一[일] 형과 서로 떠난 지가 벌써 팔년이로구려. 그 금요일 밤에 Y목사 집에서 내 가 그처럼 수치스러운 심문을 받을 때에 나를 가장 사랑하고 가장 믿어 주 던 형은 동정이 그득한 눈으로 내게서 아니요!하는 힘 있는 대답을 기다 리신 줄을 내가 잘 알았소.[ADDED] 아마 그 자리에 모여 앉았던 사람들 중에는 형 한 사람을 제하고는 모두 내가 죄가 있기를 원하였겠지요. 그 김씨야 말할 것도 없거니와 그렇게 순후한 Y목사까지도 꼭 내게 있기를 바랐고 죽일 놈!하고 속으로 나를 미워하였을 것이외다. 그러나 내가 마침내, ""여러분 나는 죄인이외다. 모든 허물이 다 내게 있소이다!"" 하고 내 죄를 자백할 때에 지금까지 내가 애매한 줄만 믿고 있던 형이, ""에끼 ─ 네가 그런 추한 놈인 줄은 몰랐다."" 하고 발길로 나를 걷어찬 형의 심사를 나는 잘 알고 또 눈물이 흐르도록 고 맙게 생각하오. 만일 나를 그처럼 깊이 사랑해 주지 아니하였던들 형이 그 처럼 괴로와하고 성을 내었을 리가 없을 것이요. 그 때에 목사는 가장 동정이 많은 낯으로 내 손목을 잡으며, ""박군 ─ 회개하시오, 회개하시오."" 하고 나를 위하여 기도까지 하여 주었지마는 그보다도 형의 발길로 얻어채 인 것이 더욱 고마왔소이다. 나는 그 길로 그 누명을 뒤집어쓰고 동경을 떠났소이다. 떠나는 길에 한 번만 형을 보고 갈 양으로 몇 번이나 형의 집 앞에서 오락가락하였을까. 그 러다가도 문소리가 나면 혹 형이 나오지나 아니하는가 하여 몇 번이나 몸을 숨겼을까. 늦은 가을 동경에 유명한 궂은 비가 부슬거리는 그 침침한 골목 에서 살아서 영원히 이 세상을 하직하는 나의 행색이 얼마나 가련하였을까. [/ADDED]"
원고 제출과 원고료 지급에 대한 반복적인 전화 교류가 추가됨.," 한 달이 지난 뒤부터는 전화다. “여보세요. 그 원고를 이 달호에는 내십니까?”[ADDED] “이 달에는 못 내겠는 걸요. 요 담 달에는 내지요.” 또 한 달이 지나갔다. “그 원고를 이 달호에는 내십니까?” “예 ─ 좀 그런 사정이 있어서요. 담 달로 미루게 되었습니다.” “이 달에는 실리게 되나요?” “이 달에는 내기로 작정하고 편집까지 해 놓았습니다.” 옳다! 인제는 되었다 생각하고는, “원고료를 좀 주시겠습니까?” “원고료요? 그것은 잡지가 나온 뒤에 주는 것이 규정입니다.” 나는 잡지나 나오기를 손꼽아 기다리었다. 잡지가 나온 뒤에 두 번, 세 번 졸라서 몇 십원 돈이란 것을 간신히 얻어 쓰게 되었었다. ‘참 무던히 힘들다. 원고 하나 팔아먹기가 이 같아서야 어디 문필업이란 것으로 살아나갈 수가 있나?…… 제기 …… 그러나 앞으로는 시세가 좀 나 아갈 터이지.’ 하며 시세를 기다렸었다. 그러나 좋은 시세란 것은 영영 오지 않고 말았다. 그러나 한 해가 지나고 또 한 해가 지날수록 좀 나아지는 것만은 사실이었 다. 그러나 언제든지 서푼짜리 원고의 가격과 상인 대접만은 면치 못하였다. 누 구나 다 그러니까 나 혼자서 탓할 것은 없지만은 조선 같은 곳에서 대중의 문화 정도가 얕고 경제력이 핍절(乏絶)하여 가니 문단의 황금시대는 이 모 양 같아서는 영영 없으리라는 절망을 갖게 되었었다. 아니다 다를까, 작금 (昨今)양년(兩年)을 통해서 보면 신문에 실리는 연재소설 이외에는 좀 처럼 원고료 맛이라고는 볼 수 없는 형편이다. [/ADDED]"
"두 사람의 슬픔과 한숨이 추가되며, 감정 교류가 표현됨."," 어떻게 찾아왔느냐는 말도 되고, 또 왜? 왔느냐는 말도 되고, 그러 나 알았다는 말도 되고 나는 대답 대신으로 표정을 지어 대답하였다.[ADDED] 적막하게. S는 고개를 숙였다. 나도 고개를 숙였다. 약속이나 한 것처럼 우리 둘은 한숨을 내어 쉬었다. S는 뜻하지 아니한 섭섭한 기쁨에 안타까왔던 것이다⎯⎯때가 늦어 기쁨을 기뻐할 수 없는 안타까움.⎯⎯ 나도 그냥 무턱대고 쫒아는 왔으나 막상 쫒아와서 딱 만나고 보니 만 난 기쁨이 지나고 난 그 담에 오는 것은 ‘어떡하나?’ 하는 막막한 수심 이었던 것이다. 한동안을 우리는 고개를 숙이고 있다가 이번에는 내가 입을 열었다. “내일 아침에?” 그 말에 S는 고개를 번쩍 쳐들었다. 그 눈에는 눈물이 퍽 많이 글썽 거렸다. 그렇게 눈물 어린 눈으로 나를 꽃꽃이 치어다보다가 그냥 내 무릎에 칵 엎드리면서 “왜 왔어요!” 하고 우는 것이다. 도무지 못 견뎌서 흐느껴 우는 S의 등 위에 나는 눈물을 한 방울 두 방울 떨어뜨렸다. ⎯⎯그때만 해도 나도 울 수가 있었던 것이다. 울기에 늦어진 저녁을 먹고 나서 우리는 어둔 바다가 어둡게 바라보 이는 해안의 길로 나란히 나섰다. 항구는 때로는 겁나게 분잡하고 번화하나 때로는 자지러지게 적적하 고 고요하다. 우리에게는 적적한 때였었다. 바닷바람에 섞여 솩하는 물소리만이 들려온다. 멀리서 등대의 불이 쉴 새 없이 깜박거린다. 하늘에는 별들! 나가는 밴지 들어오는 밴지 항구 밖에서 “우” 처량하게 기적소리가 멀리 울린다. 이 기적소리는 그새 잠자던 우리의 회포를 또 흔들어 일으 켰다. [/ADDED]"
정숙의 감정적 반응과 내적 갈등이 추가로 설명됨., 이 말을 싱글싱글 웃으며 듣고 있던 나는 마지막 말이 나올 때 언뜻 느꼈 다. 정숙이 자신이 준호에게 의식적으로 반발하고 있다는 것을 그때에 눈치 챈 때문이다.[ADDED] 의식적으로 애써 그를 밀쳐버리려는 노력 ─ 그것은 하면 할 수록 더욱더욱 그 속으로 밀려 들어가기만 한다. 그러고는 매일에 한두 번은 반드시 내 처가 네 욕을 한다. 까분다. 부랑자 다. 행실머리 없다. 이럴 때마다 나는 속으로 지금 제가 저 자신과 싸우고 있구나 하고 생각했다. 오늘밤 싸움만 해도 물론 이렇게 될 일이 아니었다. 정숙이가 속인 것에서 시기심을 느꼈다든가 너희들이 산보할 때 무엇을 했을까 하는 것을 쓸데없 이 상상하고 질투를 느끼고 트집을 건 것은 아니다. 내가 농말 비슷하게 이 야기를 했더니 갑자기 낯이 해쓱해지며 쓸데없이 바빠한다. 나는 그 때만은 가슴이 찌르르했다. 이것은 분석해보면 질툰지 모른다. 몇 마디 오고 가고 하는 동안 쓸데없는 싸움인 줄 알면서도 걷잡을 수 없게 되었다. 자 준호군 어찌되었던 나는 군을 믿고 일을 계속하세. 군이 내 안해를 어 떻게 했겠는가. 내 마누라는 감춘 것을 군은 스스로 고발하지 않았는가. 또 그 이상의 일이 있다 해도 나는 그것에 대해선 생각지 않으려네. 세상 사람 의 웃음거리가 되어도. 어쨌든 최정숙은 내 안해다. 오늘밤 한 말은 안해로서 할 만한 말은 아니 었으나 그가 불만을 과장해서 지적하고 나에게 대든 것은 나에게는 좋은 약 이 되겠지. 지금은 처가 저렇게 흥분하고 있으나 곧 본정신으로 돌아갈 것 이다. [/ADDED]
그리스도의 부활을 증명하는 여러 사례가 추가로 설명됨.,"그리스도의 부활한 기록은 성서 중에 12종(種)의 경우가 있다. 바울은 우선 제1회의 실증으로써 이상의 세 건을 열거하였다.[ADDED] 하나는 시몬 베드로에게 나 타난 것(누가 24.34), 둘은 12사도의 실험(마태 28.17, 요한 20.19), 셋은 500 명 이상의 제자들에게 일시에 나타난 실험이다. 모두가 생생한 실증이요, 당 시에 목도한 자 중 대부분은 상금(尙今)도 존명(存命)중이니 취문(就聞)하라는 태도다. 사실의 고증으로써 이보다 강할 수는 없을 것이다. 또 제2단의 실증 을 들어 층 일층(層一層) 미몽(迷夢)을 깨뜨리게 한다. “그 후에 야고보에게 보이셨으며 또 그 후에 모든 사도에게 보이셨고 맨 나 중에 만삭되지 못하여 난 자 같은 내게 보이셨느니라”(7, 8절) 하여 다시 세 가지 경우로써 실증을 열거하였다. 냉정하고 실제가인 야고보의 실험이 있었 고, 나중에는 자기 자신이 다메섹으로 행하던 도상(途上)의 실험으로써 이서 (裏書)하였다. 이에 이르러 거증(據證)은 그 완벽을 기하였다. 단지 일개인의 실험이라면 소위 환영설로써 심리학적 해석으로 매장할 수도 있으려니와 12 사도와 500여 명의 제자가 일시에 실험한 바이라 하며, 역사적 사실이요 그 목격한 자가 무수히 생존하였달 뿐 아니라, 자기 자신이 실험하였다 한다. 또한 그 바울이라는 위인이 과대망상가가 아니요, 과연 신뢰할 만한 지극히 겸비한 인물이었던 것은 ‘만삭되지 못하여 난 자’라는 한마디에서도 알 수 있다. 이러한 미덕의 소유자였다는 것은 크게 그 언행의 신실성을 이서하는 바이다. 또한 그 예증한 실험은 전부가 여하한 음미의 조상(組上)에 올린다 할지라도 다시 의심할 수 없는 재료만을 열거하였다.[/ADDED]"
의료비 부담과 어린이 병 걱정에 시달리는 상황 설명이 추가됨., ‘피차 편하게 어서 죽어라.’ 그는 너무도 복받치는 악에 속으로 뇌이면서도 그런 악독한 소리를 하는 자기 자신이 밉고 어린것의 괴로와하는 것이 가슴에 걸리지 않을 수 없다.[ADDED] 그러나 어떻게 하는 수 없다. 친면 있는 의사라고는 수표정에 있으나 거기 에도 벌써 약값이 칠팔십 원이다. 이제 또 가서 보아 달라면 보아 주겠지만 차마 낯을 들고 또 빈손으로 가기가 뭣한 일이다. 아침 때에도 춘수의 어머니는 숟가락 들 생각은 하지 않고 어린애 병 걱정 만 하였다. “옥선아 아파? 응…… 맘마 먹어? …… 얘는 밥 좀 끓여 주렴…….”하면 서 어린애를 안았다 뉘었다 하면서 걱정을 하였다. 춘수는 아침밥 뒤에 억 지를 쓰고 집을 나섰다. 어제 저녁에 마늘을 먹었던 덕인지 배가 아프던 것 은 멎었으나 오장은 뽑힌 것 같고 다리가 허전거려서 동대문 턱까지 나오니 벌써 숨이 찬다. 몇 걸음에 걸음을 멈추고 후후 더위를 내뿜으면서 먼저 ××신문사로 갔다. 되지도 않은 원고를 집어내놓고 돈 말하기는 그 친구에 게도 미안한 일이나 어쩌는 수가 없는 일이다. 그는 주춤거리는 발길을 끌 고 ××신문사에 들어섰다. 공교롭게 그가 찾아간 김은 그날 들어오지 않았 다. 그는 원고를 김에게 맡겨 달라고 급사에게 부탁하고 나와 버렸다. 무슨 짐을 벗은 듯하면서도 김을 못 만난 것은 바라던 일이 모조리 틀린 것 같 다. 안되는 놈의 일은 엎드려져도 코가 터진다더니 자기를 두고 한 말이라 고 혼자 분개를 하면서 ××신문사를 나선 그는 수 표정 ××병원으로 향하 였다. [/ADDED]
유례를 구하며 과거를 회상하는 복잡한 감정이 추가됨., 유례의 몸이 떨림은 발아래가 무시무시한 까닭일까. 난간에 의지한 몸을 부르르 떨더니 별안간 나의 곁에 쏠려 전신을 던져 왔다.[ADDED] 품안에 날아든 새를 붙드는 셈으로 나는 유례를 두 팔에 안았다. 몸이 허공에 뜬 것 같이 떨린다. 유례의 얼굴이 눈이 입이 나의 얼굴 밑에 가깝다. 번개같이 더운 입이 유례의 이마를 스쳤다. 바다가 고요하고 하늘이 높다. 그대로 한 몸이 되어 난간을 뛰어넘어 단숨에 바다 속으로─ 그것이 단 하나의 길이언만 오래간만에 유례의 몸을 안은 그 자리에서 나의 머리 속은 순간 꺼진 필름 장같이 부옇게 비었을 뿐이었다. 오래간만에 유례의 몸을─오래간만에─꺼진 필름장같이 비었던 머리 속은 문득 환해지며 다시 그림이 연속되는 필름장같이 지난 기억의 한 폭이 비취 어지기 시작하였다. 유례에게는 아직 건수가 없고 나에게는 란야가 안 생겼을 때였다. 나는 학교를 마쳤을 뿐 아직도 생애의 지향이 서지 못한 채 셋방에 뒹굴며 하는 일 없이 나날을 지냈다. 학교에서 받은 철학의 체계도 인생의 향방을 결정하여 주지는 못하였다. 해골을 모아 짜떼어 비인 탑과도 같은 쓸모없는 철학의 많은 노트를 모조리 뜯어 불살라버리고 굳이 활기를 찾으려고 생활의 앞길을 노렸으나 헛수고였다. 가령 직업으로 말하더라고 나의 마음을 댕기는 직업은 하나도 없었고 그렇다고 가지고 있는 과만한 재산을 쓸 길도 그것을 바치고 싶은 방허도 없었다. 그런 나의 무위의 성격을 비웃는 듯이 유례는 그 자신의 굳센 신념의 목표로 향하여 활기 있는 행동의 열정을 모조리 쏟는 것이었다. [/ADDED]
불행하게도 폭력적 애정을 받는 부부의 관계가 추가됨.,"아시아에서 가장 행복된 부부라고 생각해온 나의 선망은 이 한마디로 홱 뒤집히고 말았었다. 아시아에서가 아니라 오억 쌍이나 된다는 전 세계 부부 중에서 이런 부부는 다시는 찾아볼 수가 없을 것이라 했다.[ADDED] 물론 이런 형식의 부부는 얼마든지 있을 것이다. 현 제 내가 아는 범위에서 도 얼마든지 찾아낼 수가 있기는 하다. 그러나 그러한 관계에 있는 부부로서 그 여자의 이름을 육 년 간이나 입밖 에도 내지도 않는 부부란 상상할 수도 없었다. 아니 나는 그런 '인간'들을 도 시 상상할 수조차도 없었던 것이다. 주 여사를 신처럼 초월했다는 말로 규정 짓기는 싫다. 그렇다고 그 영리한 여성을 목석이라고 믿을 수도 없지 않은가? ""그는 밖에서 돌아오면 언제나 신혼한 남편처럼 들이닿는 길로 날 담씬 안 아줍니다. 입술도 대구요. 그것도 무섭게 정력적인 방법에 의해서죠."" ""그럴 땐?"" ""저 말씀이죠? 그가 절 안으면 전 안길 뿐입니다. 그가 저의 입술을 요구할 땐 전 또 거기에 응해줍니다. 그가 저를 아름답다 하면 전 그러냐 했고 그가 저한테…"" 주 여사는 여기서 말을 뚝 끊던 것이다. 그다음 이야기는 짐작하라는 의미였을 것이다. ─이런 부부란 나는 도저히 상상할 수가 없었던 것이다. 그보다도 나의 일을 방해한 것은 주인애란 아시아에서 가장 행복된 여성이 아니라 이 우주에서 가장 불행한 여성이라는 생각 때문이었다. 그리고 주인 애란 여성은 극진히도 나를 사랑해주고 있다는 사실이었다. 그것은 애정이라 기보다는 오히려 일종의 폭력과도 같은 위압을 내게 주고 있었다. 나는 목을 졸린 사람처럼 가슴이 답답했다. 고열에 들뜬 사람과도 같았었다. [/ADDED]"
인준이가 LC당으로부터 경고를 받고 완쇠의 안위를 걱정함.,여기서 인준이는 자기와 표면으로 정면으로 대립케 된 LC당의 존재를 인식하였다. 윤 백작 집에 자기가 간 것은 권총 사건 직후의 아침과 어제 ─ 두 번밖에 는 없었다.[ADDED] 권총 사건 직후에는 이필호의 행색으로 갔으니 문제도 안될 것 이다. 여기 LC당에서 싫게 여기는 것은 어제 완쇠를 만나 본 사건일 것이다. 이 사건을 싫게 보아서 LC당에서는 자기에게 이런 경고를 하였을 것이다. 자기가 완쇠를 방문한 일을 벌써 알고 경고를 하는 것도 놀라운 일이었다. 어디로 언제 들어왔는지 알지도 못하게 감쪽같이 들어와서 경고문을 대담 히도 침대에 붙여 놓고 돌아간 것도 놀라운 일이다. 이 두 가지의 놀라운 사건 때문에 잠시 다른 생각은 하지도 못하고 있던 인준이는 문득 완쇠의 안위를 생각하였다. 자기는 인제 바야흐로 완쇠를 찾 아서 좀 더 비밀의 열쇠를 얻으려던 길 ─ 이 세상에 완쇠 한 사람밖에는 그 비밀의 열쇠의 일단이나마 가진 사람이 없을 것이다. 그 열쇠의 일단을 가 진 완쇠는 무사하였나? 여기 생각이 및자 인준이는 지금껏 들고 있던 종이를 집어서 제 조끼에 집 어넣은 뒤에 자리옷 채로 문을 열고 뛰쳐나갔다. 방문 밖에 달린 인준의 우편함 안에는 편지며 그 새 배달된 신문 밖에 새 로이 배달된 듯한 신문 호외가 꼬리를 내밀고 있었다. 인준이는 황망히 그 우편함을 열었다. 그리고 그 안에 든 편지와 신문을 한 손에 뭉쳐 쥐고 도로 급히 방 안으로 돌아왔다. 돌아올 때에 문에 쇠를 도로 잠글 것을 결코 잊지 않았다. [/ADDED]
준호의 늦은 귀가로 인해 진주가 걱정하며 불안해하는 상황이 추가됨.,"오늘 하루는 소년 준호에게 여러 가지로 ‘운명의 날……’이었다. 이 윤 석과 새로운 우정이 생긴 것도 그중 한 가지에 들 수가 있었다.[ADDED] 진주는 명절답게 한가로움직한 일거리로 베갯모의 수를 놓고 앉았으나 마 음은 조금도 한가하지가 못하였다. 새서방 준호의 돌아옴이 너무 더디기 때 문이었다. 열한시를 친 지도 벌써 오랬다. 해전에는 몰라도 밤이 과히 깊지 않아서 돌아오려니 하였지, 설마 이렇게 늦으리라곤 생각지도 못한 노릇이었다. 집 앞 행길로부터 사람 웅얼거리는 소리가 들려온다. 진주는 부리나케 마 루로 나서서 귀를 기울인다. 읍으로 난장 구경을 갔던 일행들은 일행들인 모양이나 새서방이 그 축에 끼여 돌아오는 기척은 역시 없고 그대로 지나쳐 버린다. 교교하고 달만 낮같이 밝았다. 마침내 열두 시를 친다. 진주는 가슴이 더럭 내려앉았다. 열두시면 정말로 너무 늦었다. 암만 무엇하더라도 열두시가 되도록 안 돌 아올 이치는 없었다. 그렇다면 정녕 무슨 변고가 난 것일시 분명하였다. ‘싸웠는지?’ ‘싸움을 했기로서니 몸을 쓰지 못하도록 다치지 아니한 다음에야!’ ‘가지고 간 것을 물도 없이 함부로 급히 먹고 혹시 관격이라도? …… 그 생각하고 팍팍한 것은 별로 넣지 말았건만…… 사향소합환을 어쩌다 깜박 잊었던고!’ ‘난장에는 일쑤 편싸움이 난다는데! …… 애먼 사람도 많이 다친 다는 편 싸움. 심하면 살인까지 난다는 무서운 편싸움!’ 요행 아무 탈이 없고 다만 구경에 잠착하여 이렇게 늦은 것이라면이거니와 아닌 말로 그런 어떤 사단이 난 것일진대 이런 낭팰 데가 없었다. 자결을 하 여도 오히려 메꾸어놓지 못할 큰일이었다. [/ADDED]"
춘옥이 자신을 버리고 떠난 사실과 영식의 사직 및 이별이 추가됨.," 모든 것이 춘옥의 가정인 것이 아니라 진정으로 생각되었다. 결국은 자기를 위함에서 빚어진 한 비극이다.[ADDED] 그렇다. 사랑함으로써 춘옥은 자기를 버리고 떠났다. 그는 날이 밝기를 고대해서 시간이 되자 조금도 주저치 안고 교장 관사를 방문한 다음 사정에 의하여 사직하겠다는 사실을 고백했다. 그러고는 학교에 나와서 이내 사직원을 써서 제출했다. 동료들은 여러 가지로 궁금한 듯 캐어물었지만 Ｈ만은 벌써 모든 것을 죄 다 알아채고 슬픈 빛을 띠고 바라볼 뿐이었다. 그날 밤 목단강행 야행차로 영식은 몇 해 동안 정을 들여온 모든 것에게 하직을 고했다. 전송 나온 사람은 주인 아주머니와 Ｈ뿐이다. Ｈ는 연방 담배만 태우며 떠나는 벗을 위해 위로와 격려의 말을 아끼지 안 는다. “뒷일은 걱정 말구 그리 가면 위선 내가 일러주던 그 사람을 찾아라. 유 력한 사람이다. 나와는 젖을 나누어 먹은 처지니까, 더 말할 필요두 없는 벗이다. 성(省)이나 관청 방면에두 유력하구 유수한 실업가루서 사회 방면 에두 절대 권리가 있는 호인이다. 그에 간 날루 찾어가서 내 말을 하구 일 자리를 말해라. 나도 곧 편지하겠지만. 그러구 취직만 하면 곧 결혼을 해야 한다. 그때면 나두 가겠지만.” 하고 씽긋 웃는 바람에 영식이도 웃고, 눈물이 글썽하여 어둠 쪽만 바라보 던 주인 아주머니도 웃는다. 영식은 진정으로 Ｈ의 손을 꽉 쥐었다. “잘 있게.” “잘 가게.” “아주머니 안녕히 계십시오.” 이 말에 주인 아주머니는 끝내 두 손으로 얼굴을 가리어버린다. [/ADDED]"
민수와 영옥이 급하게 모임 장소로 이동하여 윤주를 만남., “여자를 두고 움직일 때의 사내의 마음이란 것이 원래 고약한 것은 아니 지만 경우에 따라 빗나갈 때에 고약하게 나타나는 수도 있겠죠. 결국 생각 하면 항상 원인은 여자에게 있기 때문에 죄는 그 편이 더 많은 것 같은데 ── 가령 세상의 악마라는 것도……” 무엇을 생각하였던지 민수는 거기서 말을 멈추고 문득 다시 전화를 걸러 안으로 들어갔다.[ADDED] 노엽던 마음이 그만큼이라도 풀리는 것은 술의 덕일까 하 고 영옥은 큐라소의 잔을 신기한 것으로 노려보았다. 마음은 별궁리 없이 단 순하게 가라앉아 갔다. 민수는 부리나케 전화에서 돌아오더니 부랴부랴 영옥을 재촉하였다. 윤주 는 벌써 장소를 정하고 먼저 그리로 가서 두 사람 오기를 기다린다는 것이 었다. 급스럽게 서두르는 바람에 영옥은 바를 나온 것이며 자동차에 오른 것이며 거나한 정신에 도무지 꿈속 일만 같았다. 벌써 불이 들어온 거리를 달리는 차가 하늘을 달리는 날개인 듯 유쾌하였다. “좀 야단스런 것 같지만 오늘은 회사로서의 정식 초대라나요. 그래서 특 별히 이런 장소를 골랐다는군요.” 어두워 가는 뒷골목에서 차가 섰을 때 민수의 설명을 듣고 보니 딴은 조금 거추장스럽게 큰 요정이었다. 그런 길은 처음인 영옥이 문간에서 얼마간 주 저는 하였으나 결국은 수월하게 들어서게 된 것은 역시 술김이 었을까. 사 실 만만히 보고 잔을 거듭한 단술의 효과는 처음에는 몰랐던 것이 차차 그 효험을 나타내는 것이었다. 요정에 들어섰을 때의 그의 눈총은 벌써 바를 나올 때의 아직도 맑던 그 눈총은 아니었다. 다리의 맥도 어딘지 없어 허전 거렸다. 복잡한 복도를 꼬부라져 구석 편 방에 들어갈 때까지 도무지 온전 한 걸음은 아니었다. 방 가운데 도사리고 앉은 윤주를 보았을 때 문득 부끄 러운 생각이 나면 정신이 들었다. [/ADDED]
"옥지가 우식에게 책을 참마음과 참사랑으로 주었으나, 그 마음의 변함을 걱정함."," 그러나, 아직 세상물정에 접촉한 일이 없는 옥지의 지금 마음은 참으로 어 린아이의 마음이다. 조금이라도 그 마음 속에 거짓이란 것이 숨겨 있을 까 닭이 없다.[ADDED] 그러므로 이 책을 우식에게 줄 때에는 참마음과 참사랑으로 주었지마는 그 마음이 영원히 변치 않을는지는 의문이다. 어린아이 같이 순하고 착한 마음 을 영구히 가지고만 있으면 그는 성현의 말씀 대로 그 사람의 마음이란 세 상물정에 접촉하는 대로 바람에 흔들리는 갈대와 같이 요동되고 변화되는 것이다. 자, 차 떠날 시간이 차차 가까왔으니까 나는 곧 떠나야 하겠습니다. 지 금 이 자리에서 옥지씨에게 다시 부탁하는 말씀은 우리들의 맹서한 것을 굳 게 지켜 주십시오. 그런 말씀은 왜 또 하셔요. 비록 벽해가 상전이 되고 상전이 벽해가 된 들 저의 마음이 분골쇄신이 된들 우리의 굳은 언약을 저버리겠어요?…… 아 ─ 고맙습니다 고맙습니다. 그토록 말씀해 주시니 참으로 고맙습니 다. 그러면 저도 안심하고 떠나겠읍니다. 자 ─ 어서 들어가십시오. 어머님 께서 너무 기다리시겠읍니다. 그럼 안녕히 다녀오세요. 꼭 성공하고 돌아오셔요. 저는 집에서 매일 신 명께 기도하고 기다리겠읍니다. 우식은, 감사합니다. 그러면 내가 성공하고 돌아올 때까지 몸성히 계십시오. 또 어머님과 옥매씨께 못 뵙고 떠났다는 말씀이나 여쭈어 주십시오. 안녕히 다녀오세요. 네 ─ 안녕히 계십시오…… 우식이는 떨어지지 않는 발길을 억지로 떼어 정거장으로 나아갔다. 수원역 에서 차에 몸을 의지하고 앉은 우식이는 지금까지도 가슴이 울렁울렁하여 일어섰다 앉았다 한다. 이 세상에는 다정다감한 남녀 간에 이같은 이별이 종 종 있는 것이다. [/ADDED]"
약국 주인이 약을 거부하고 주인공이 돈 없음을 인정하며 집으로 돌아옴.," 나는 처방을 내어 놓았다. 거만스럽게 앉은 약국 주인은 처방을 보더니, “돈 이지고 왔오.”[ADDED] 하고 산판(算板)을 집어 약이(藥價)를 놓는다. 나는 그 약국 주인이 하느님같이 높이 보였다. 그러나 아니꼬운 감정도 솟았다. “돈을 못 이지고 왔읍니다. 내일 드리지요.” 하고 나는 공손히 대답하였다. “그러면 못 짓겠소.” 하고 처방을 도로 준다. “병이 급하니 좀 지어 주시오.” 나는 애원하였다. “흥 그런 잔소리 쓸데 있오? 돈만 이지고 오오.” 하고 그는 일어나 뒤 울안으로 나갔다. 나는 눈물이 앞을 이리우고 맥이 풀려서 어쩔 줄을 몰랐다. 분하기도 하였다. 나는 집으로 돌아왔다. 날은 이미 황혼이 되었다. 어둑한 방안 공기는 쓸쓸하 다. 처는 그저 부뚜막에 누웠다. “어디 갔다 오시우?” 처는 묻는다. 나는 그저, “응?” 하였다. 그러나 나는 무슨 의미로 ‘응’ 하였는지 모르겠다. 다만 그 ‘응’ 소 리는 비분과 원한의 응결된 소리였다. 나는 그밖에는 무엇이라고 대답할 수이 없 었다. 차마 약 지으러 갔다이 빈손으로 돌아왔다고는 말이 나오지 않는다. “좀 어떠오.” 나는 힘없이 물었다. “좀 관계치 않소.” 하면서 그는 몸을 강잉하여 일어앉았다. 나는 밖에 달아 떼어 어 유등(魚油燈)에 불을 켰다. 빤한 불빛은 방안을 비취었다. 그런데 어머니는 어디로 나이셨는지 아니 계시 다. 처더러 물으니, “글쎄 아까 당신이 이신 후에 곧 나이셨는데 지금까지 들어오시지 않었소.” 하고 불안한 듯이 대답한다. 나는 어머니 오시지 않는 것이 공연히 마음에 켕겼 다. [/ADDED]"
"작품이 사회적 의미 전달 실패와 인호의 소극적, 보수적 실패를 표현."," 계급적으로 아무 것 취할 게 없다. 인호의 행동이 너무나 소극적이오, 보 수적인 데 이 작품은 실패하였다.[ADDED] 그리고 표현형식의 새로운 맛이 조금도 없다. 빈한한 생활의 한 토막을 여실히 묘사한댔자 사회적으로 아무러한 의미를 갖지 못한다. 오히려 일 개인의 빈궁의 원인이 불합리한 사회, 경제조직의 결함에 있다는 것을 표현하느니만 같지 못하다. 송순일씨의 쑥(""대조"") 이 분의 작품은 수삼 년 전 ""조선지광""에 게재하였던 서기생활과 윤별장의 사환등 두 편의 소설을 읽은 뒤로 나로서는 이번 쑥이라 는 작품을 처음 대하게 되었다. 쑥일편에 있어서 작자는 빈한으로 말미암아 인생비극을 낳게 한다는 것을 표현하였다. 농촌 프롤레타리아였던 홍서방이 남의 땅을 얻어 소작인 으로서 근근이 생활하다가 눈코 뜰 새 없는 일에 파묻혀 자식은 원두막에서 떨어져 죽고 아내는 미치고 해서 결국은 소작하던 농토까지 빼앗기고 하는 수 없이 조과부라는 가장 몰인정한 사람의 집 행랑살이를 하게 되었다. 하 루는 주인마님이 모깃불을 놓기 위하여 홍서방더러 쑥 한 짐을 져오라고 한 다. 홍서방은 장차 닥쳐올 비극을 모르고 자시의 손으로 스스로 빚어낼 인 생 비극을 예상치 못하고 쑥 짐을 지어다 한 옆에 놓았다. 이때에 아내는 주인의 심부름을 가고 홍서방은 밖에서 쌀 갑을 졸리는 사이에 하나 밖에 남지 않은 어린 것이 쑥 짐에 치어 그날로 죽어 버린다. 그 뒤 홍서방은 어느 수리조합 공사하는 데서 품팔이를 하다가 아내가 또 발광을 해서 이리저리 뛰돌아다닌다는 것으로 끝을 막는다. [/ADDED]"
"공채와 주권 위치에 대한 대화, 찬수의 의심과 별당 조사가 추가됨."," “지금 얼마나 바꾸었읍니까?” “그저께까지 십오만 원, 한 사오 일 뒤면 그 곱쯤은 될 모양이외다.”[ADDED] “그 공채 혹은 주권을 별당에 두셨읍니까 혹은 여기 두셨읍니까?” “여기 이 양관에 두기는 두었지만 둔 곳은 당신한테도 똑똑히 말 못하겠 소이다.” “사오 일 후…… 사오 일 후…….” 찬수는 무엇을 생각하는 듯이 한참을 머리를 수그리고 있었다. “혹은 아까 왔던 괴한은 그걸 훔치러 왔던 걸로는 생각이 안 되십니까?” “글쎄요. 그걸 훔치려면 나한테 올 게지 아버님 계신 별당으로 갈 까닭이 없겠지요. 게다가 김덕삼의 아들이라고 스스로 제 이름까지 알릴 필요도 없 겠지요.” 여기서 찬수는 수첩을 접어서 주머니에 넣으며 선선히 일어섰다. “밤중에 실례 ― 했읍니다. 한데 하인을 하나 좀 빌려 주실 수 없겠읍니 까. 별당에 좀 가서 조사해 보아야겠는데.” 두식이는 하인을 하나 불러서 찬수를 별당에 안내하게 하여 내보냈다. 두식이는 찬수를 내보낸 뒤에 문을 잠그고 침대로 돌아와서 몸을 내어 던 졌다. 지독한 피곤이 그의 몸을 엄습하였다. 담배를 한 대 붙여 물었던 두식이는 그 담배를 다 태우지도 못하고 그냥 내 려 뜨리고 옷도 끌르지 않고 잠들었다. 몹시 곤한 잠에 빠졌던 두식이는 잠결에 무슨 뚝뚝 하는 소리를 들었다. 그 소리에 조금 정신을 차리고 들으매 그것은 자기 침실의 문을 두드리는 소리였다. “누구야 밤중에.” 곤한 듯이 주머니에서 시계를 꺼내어 보니 인젠 밤이 아니었다. 시계는 여 덟시 이십분을 가리키고 있었다. [/ADDED]"
"나와 알지 못하는 부인의 저녁 산책과 대화, 그리고 도시 방문이 추가됨.","이제는 그의 그림자까지 알 수 없게 되었으나 아직 안된 것은 찍찍이 오 래 오래 밤 어두움이 점점 깊어갈수록 예리하게 들려왔다. 그런데 나는 행복으로 찼다.[ADDED] 쾌활한 보조로 박모(薄暮) 정적에 잠기면서 나의 팔에 몸을 안기고 있는 알지 못하는 부인과 같이 걸어갔다. 나는 될 수 있는 데까지 고상하고 염려(艶麗)하게 울리는 말소리를 들었으 나 틀렸었다. 그래서 도취한 중에도 조금만큼 오뇌하듯이 입을 다물고 있었 읍니다. 그러나 얼마 안하여 불의에 지나가는 길을 가로막는 넓은 가로에 나왔다. 그런즉 우편에 조그마한 골목이 보이었다. 거기는 아주 작은 동리를 이루 고 있었다. 어떠한 남자 하나가 지나가므로 곧, ""이 동리는 무슨 동리요"" 하고 물어본 즉 ""브지발이요"" 하였다. 나는 의심스러워서 오히려, ""무엇이요? 브지발요? 정말 그렇습니까?"" 하고 다시 물었읍니다. 그런즉 그 남자는 괴아(怪訝)한 얼굴로, ""참으로 그런데요""라 하였다. 그런즉 그 여자는 광인과 같이 웃었다. 그래서 나는 하는 수 없음으로 마차를 세내어 베르사이유에 가려 하였다. 그런즉 그 여자는, ""아니 그렇게 할 것이 없지요. 우스운 일이에요. 나는 배가 고프지 않으니 까 나는 아무리 다른 길로 돌아가더라도 관계치 않아요. 조금도 걱정은 없 어요. 우리 남편은 그대로 내버려 두어도 아무 일도 없어요. 자기가 좋을 대로 할 터이니까. 나에게는 이렇게 두세 시간일지라도 기를 펼 수 있는 것 이 얼마나 행복인지 알 수가 없어요."" 그래서 우리들은 시내가에 있는 어떠한 카페에 들어가서 특별히 조그마한 방을 빌기로 정하였다. 그 여자는 조금 술이 취하여 엷게 불그레하여졌다. [/ADDED]"
서방님이 쥐를 잡고 고문하는 장면이 추가됨., 사흘 뒤였읍니다. 밤이 깊어서 아씨는 고요히 잠이 들고 서방님은 자리에 누워서 책을 보고 있는데 벽장 속에서 용수철 퉁기는 소리가 나자 뒤이어 찍찍 하는 쥐울음 소리가 들렸읍니다.[ADDED] 서방님은 벌거벗은 채 벌떡 일어나서 벽장문을 열었읍 니다. “이 놈!” 서방님은 만족한 웃음을 웃으면서 쥐통을 끄집어내었읍니다. “에구머니 크기도 하네!” 어느새 눈을 뜬 아씨는 이렇게 부르짖으면서 몸을 송 그렸읍니다. “굉장히 큰데! 이 놈 죽어 봐라!” 서방님은 쥐통을 마루에 내놓고 전등을 마루에 내걸었읍니다. “여보 이 놈 죽는 것을 좀 보우! 응 요놈아 우리 마누라 치마를 버려주었겠 다!” “죽이지 마셔요!” 아씨는 무섭다고 그저 나오지 않았읍니다. “앗따 대자대비두 한지고! 요놈.” 그는 부적가락으로 통 속에 든 쥐를 찔렀읍니다. 쥐는 찍 하면서 부젓가락 을 물더니 몸을 빼쳐서 나가려고 철망 구멍으로 머리를 내밀었읍니다. 그러다 솔디손 구멍으로 그 큰 대강이가 들어갈 리 없었습니다. “요놈이 아주 그래도 살겠다구!” 하면서 그는 부젓가락을 다시 뽑아서 들이질렀읍니다. 사정없는 쇠끝은 쥐 의 등을 뚫고 마루에 박혔읍니다. 쥐는 길다란 꼬리를 안으로 휘여 들이면 서 온 몸을 비틀었읍니다. 입을 딱 벌리면서 몸을 비트는 쥐는 다시 소리를 찍찍 치면서 부젓가락을 물려고 하였습니다. “이 놈!” 만면에 독기가 오른 서방님은 이를 악물고 독한 웃음을 웃으면서 다시 왼 편 손에 잡았던 부젓가락으로 불거진 쥐의 눈을 찔렀읍니다. 잔인성은 점점 폭발이 되어서 더 심한 수단을 요구하였습니다. 이때 아씨가 만일 서방님을 보았더면 그 얼굴에서 인간의 표정이라고는 털끝만치도 찾지 못하였을 것입 니다. [/ADDED]
소녀가 겪는 고통과 환상적인 상황이 추가됨.,"실낙원 소녀 소녀는 확실히 누구의 사진인가 보다. 언제든지 잠자코 있다.[ADDED] 소녀는 때때로 복통이 난다. 누가 연필로 장난을 한 까닭이다. 연필은 유 독하다. 그럴 때마다 소녀는 탄환을 삼킨 사람처럼 창백하다고 한다. 소녀는 또 때때로 각혈한다. 그것은 부상한 나비가 와서 앉는 까닭이다. 그 거미줄 같은 나뭇가지는 나비의 체중에도 견디지 못한다. 나뭇가지는 부 러지고 만다. 소녀는 단정(短艇) 가운데 있었다. 군중과 나비를 피하여. 냉각된 수압이, 냉각된 유리의 기압이, 소녀에게 시각만을 남겨 주었다. 그리고 허다한 독 서가 시작된다. 덮은 책 속에 혹은 서재 어떤 틈에 곧잘 한 장의 ‘얄따란 것’ 이 되어 버려서는 숨고 한다. 내 활자에 소녀의 살결 냄새가 섞여 있 다. 내 제본에 소녀의 인두 자국이 남아 있다. 이것만은 어떤 강렬한 향수 로도 헷갈리게 하는 수는 없을……. 사람들은 그 소녀를 내 처라고 해서 비난하였다. 듣기 싫다. 거짓말이다. 정말 이 소녀를 본 놈은 하나도 없다. 그러나 소녀는 누구든지의 처가 아니면 안된다. 내 자궁 가운데 소녀는 무엇인지를 낳아 놓았으니, 그러나 나는 아직 그것을 분만하지 않았다. 이 런 소름 끼치는 지식을 내버리지 않고야 그렇다는 것이 체내에 먹어 들어오 는 연탄(鉛彈)처럼 나를 부식시켜 버리고야 말 것이다. 나는 이 소녀를 화장(火葬)해 버리고 그만두었다. 내 비공(鼻孔)으로 종이 탈 때, 나는 그런 냄새가 어느 때까지라도 저회(低徊)하면서 사라지려 들지 않았다. [/ADDED]"
"개인적 무력감과 고독, 다시 용기를 얻으려는 감정이 추가됨.", “당신은 방향 전환을 한 후의 감상이 어떠했던가요?” 라고 마치 나의 가슴을 투시(透視)하듯 이렇게 물었지요?[ADDED] “나는 무한한 고독을 느꼈습니다. 큰 단체에서 떨어져 나온 나라는 것이 얼마나 무가치하며 얼마나 외로운 것인가를 알게 되었을 뿐입니다. 나에게서 그 열열하던 의기가 사라져가는 비애를 느꼈습니다.” 나의 이 대답은 진정한 고백이었습니다. “그런 거랍니다. 단체적 훈련을 받아 온 사람은 혼자 떨어져 나서면 개인 적으로는 아주 무력한 인간이 되고 마는 것인가 봐요…….” 당신은 이윽히 묵묵하며 뚜벅뚜벅 걸어갈 뿐이었습니다. “그때의 우리가 표방하던 주의며 주장을 이제 와서 어떠한 것임을 말할 필요 없는 것입니다. 다만 나는 당신에게 그때의 그 열열하던 용기와 의기 만을 다시 가지라는 충고를 하고 싶을 뿐입니다. 당신의 삶의 목표며 생각 이 어떠한 길을 향하였다던지 그것은 잠깐 그만두더라도 그저 그 열열하던 용기를 어서 회복시키셔요. 그러면 당신에게서 그 괴로움이 살아져 버릴 것 입니다.” 라고 타이르듯 말하셨지요! 나는 이 말을 듣고 내 가슴 한구석에서 무한한 학대와 무시를 받으며 병들어 있는 무엇이 그제야 고함을 치는 듯하였습니 다. 석굴암을 구경하고 내려와서 김과 셋이 역사에서 하룻밤을 쉬는 동안 당신 은 나에게 용기를 주려고 가진 애를 쓰셨습니다. 그 하룻밤을 세우고 난 나 는 이른 아침 다시 아침 식탁에 모였을 때 나의 모든 지난날이며 앞날을 적 나라하게 비판하여 본 후 가장 바른 내 길을 찾아야 될 절박한 생각에 차 있었습니다. [/ADDED]
"심봉사의 극심한 피로와 비탄, 손님들의 위로가 추가됨.","成長[성장] 동중이 공론하여 돈 낼 사람 돈 내고, 양식이나 포백 낼 사람 양식이나 포 백 내고, 또 몸으로 와서 일할 사람 와서 일하고 하여, 형세 푼수하고는 오 히려 과분하달 건 출상을 아무려나 치렀다. 백여 대촌이라 하지만 너나없이 가난해빠진 도화동에서 그만 한 동중 설도가 나기도 한갓 곽씨 부인 당자가 생전시에 남께 실인심 아니 하고 두루 어여삐 보인 덕택이었다.[ADDED] 날이 저뭇하여 심봉사는 회장 갔던 몇몇 손님에게 부축 위로를 받으면서 집으로 돌아왔다. 아주 허탈이 되었다. 먹지도 않으면서, 사흘을 주야로 울부짖고 몸부림 치고 하였다. 오늘은 더 구나 그 경황을 하면서 상여 뒤를 따라갔다 왔다. 심신이 다 같이 극도로 지 치지 아니할 수가 없었다. 하늘만한 비탄이 그새 조금치라도 가셨을 바 없 던 것이나, 피로한 소치로 마음은 마치 언살을 만지기처럼 어리덤덤한 것 이, 노상 아픈지 달픈지 분간을 모르겠었다. 또 몸은 몸대로 수족 한 번 올 리고 내리기조차 대견하도록 기운이 시진하고 말았다. 그러고서 오직 졸릴 뿐이었다. 가까스로 집까지 당도하여 내던지듯 마룻전에 가 털썩 주저앉았다. 손님들이라야 언제까지고 옆에서 위로나 하여 주고 있을 리 없는 노릇, 한 사람 돌아가고 두 사람 돌아가고 하다 마지막 한 사람마저 돌아갔다. 하릴 없이 남은 것은 심봉사 혼자였다. 황혼은 각각으로 짙어왔다. 심봉사는 넋을 놓고 우두커니 앉아만 있다. 매양 출상한 날의 상가란, 가솔이 번다하여도 이상히 헤적적 찬바람이 돌 고 쓸쓸한 법이거든, 항차 꼬리 치고 내닫는 개짐승 한 마리 없고, 휑뎅그 레 빈 집안이리요. 흡사 여러 대 불 꺼진 집 같은 마룻전에 가 달랑 혼자서 짙어오는 황혼에, 굴건제복은 한 채, 넋을 놓고 우두커니 앉아만 있는 모양 은, 보기에도 차마 민망스런 것이 있었다. [/ADDED]"
영배의 피로와 가족 간의 작은 불화가 추가됨.," 영배의 얼굴은 피로의 엷은 베일로 한 꺼풀 싼 것같이 보였다. 입을 한 번 딱 벌리고 선하품을 한 번 하였다.[ADDED] 잠이 가득한 눈에는 하품이 끝나자 눈물 이 반사적으로 빙그레 돌았다. 그러나 물론 슬픈 눈물은 아니었다. 티가 들 어가서 흐르는 것과 마찬가지였다. 그는 하품 섞인 소리로 말하였다. “생각해봐요. 누가 이 가엾은 것을 보고 있겠소? 아이구, 지긋지긋해 …….” “누가 해산구완을 해달 랬어요? 당신이 그러고 싶어서 그래놓고는…….” 하고, 아내는 아랫목 벽을 안고 홱 돌아눕는다. 영배는 괜히 이런 말을 불쑥 내놓았다고 생각하였다. 기왕 말을 하려면 차 라리 우스운 말이나 농담 비슷하게 하는 것이 좋았다고 뉘우쳤다. 그 아내 의 홱 토라저서 돌아눕는 것을 보매, 자기의 하는 말이 너무나 진정으로 나 왔던 것을 짐작할 수 있었다. 어째든 막 해산한 산모의 정신을 흥분시키는 것이 좋지 못한 일이라 그는 생각하였다. 더욱이 산후에 몸을 함부로 움직이게 하는 것은 영배 자신도 좋지 못한 주로 알고 있던 터이었다. 아내가 한편으로 홱 돌아누울 때에 그 의 머리에는 아이가 들어 있던 배의 휑하게 빈 부분에 자른 장부(臟腑)의 피가 우르륵 우르륵 하고 몰려 들어가는 듯한 생각이 났다. 그리하여 그는 깜짝 놀라며 부르짖었다. “가만히 누웠구려. 그러지 말고…….” 그 아내는 아무 말도 없이 다시 반듯이 몸을 전과 같은 위치로 돌리고 드 러 누웠다. 한참 있다가 그 아내는 무엇을 생각한 것처럼 이마에다 손을 얹 으며 말하였다. [/ADDED]"
